Employee_Name,EmpID,Position,DOB,Sex,MaritalDesc,CitizenDesc,RaceDesc,DateofHire,DateofTermination,TermReason,EmploymentStatus,Department,ManagerName,ManagerID,RecruitmentSource,PerformanceScore,EngagementSurvey,EmpSatisfaction,LastPerformanceReview_Date,Absences
"Adinolfi, Wilson  K",10026,Production Technician I,7/10/1983,M ,Single,US Citizen,White,7/5/2011,,N/A-StillEmployed,Active,Production       ,Michael Albert,22,LinkedIn,Exceeds,4.6,5,1/17/2019,1
"Ait Sidi, Karthikeyan   ",10084,Sr. DBA,5/5/1975,M ,Married,US Citizen,White,3/30/2015,6/16/2016,career change,Voluntarily Terminated,IT/IS,Simon Roup,4,Indeed,Fully Meets,4.96,3,2/24/2016,17
"Akinkuolie, Sarah",10196,Production Technician II,9/19/1988,F,Married,US Citizen,White,7/5/2011,9/24/2012,hours,Voluntarily Terminated,Production       ,Kissy Sullivan,20,LinkedIn,Fully Meets,3.02,3,5/15/2012,3
"Alagbe,Trina",10088,Production Technician I,9/27/1988,F,Married,US Citizen,White,1/7/2008,,N/A-StillEmployed,Active,Production       ,Elijiah Gray,16,Indeed,Fully Meets,4.84,5,1/3/2019,15
"Anderson, Carol ",10069,Production Technician I,9/8/1989,F,Divorced,US Citizen,White,7/11/2011,9/6/2016,return to school,Voluntarily Terminated,Production       ,Webster Butler,39,Google Search,Fully Meets,5,4,2/1/2016,2
"Anderson, Linda  ",10002,Production Technician I,5/22/1977,F,Single,US Citizen,White,1/9/2012,,N/A-StillEmployed,Active,Production       ,Amy Dunn,11,LinkedIn,Exceeds,5,5,1/7/2019,15
"Andreola, Colby",10194,Software Engineer,5/24/1979,F,Single,US Citizen,White,11/10/2014,,N/A-StillEmployed,Active,Software Engineering,Alex Sweetwater,10,LinkedIn,Fully Meets,3.04,3,1/2/2019,19
"Athwal, Sam",10062,Production Technician I,2/18/1983,M ,Widowed,US Citizen,White,9/30/2013,,N/A-StillEmployed,Active,Production       ,Ketsia Liebig,19,Employee Referral,Fully Meets,5,4,2/25/2019,19
"Bachiochi, Linda",10114,Production Technician I,2/11/1970,F,Single,US Citizen,Black or African American,7/6/2009,,N/A-StillEmployed,Active,Production       ,Brannon Miller,12,Diversity Job Fair,Fully Meets,4.46,3,1/25/2019,4
"Bacong, Alejandro ",10250,IT Support,1/7/1988,M ,Divorced,US Citizen,White,1/5/2015,,N/A-StillEmployed,Active,IT/IS,Peter Monroe,7,Indeed,Fully Meets,5,5,2/18/2019,16
"Baczenski, Rachael  ",10252,Production Technician I,1/12/1974,F,Married,US Citizen,Black or African American,1/10/2011,1/12/2017,Another position,Voluntarily Terminated,Production       ,David Stanley,14,Diversity Job Fair,Fully Meets,4.2,4,1/30/2016,12
"Barbara, Thomas",10242,Production Technician I,2/21/1974,M ,Married,US Citizen,Black or African American,4/2/2012,9/19/2016,unhappy,Voluntarily Terminated,Production       ,Kissy Sullivan,20,Diversity Job Fair,Fully Meets,4.2,3,5/6/2016,15
"Barbossa, Hector",10012,Data Analyst,7/4/1988,M ,Divorced,US Citizen,Black or African American,11/10/2014,,N/A-StillEmployed,Active,IT/IS,Simon Roup,4,Diversity Job Fair,Exceeds,4.28,4,2/25/2019,9
"Barone, Francesco  A",10265,Production Technician I,7/20/1983,M ,Single,US Citizen,Two or more races,2/20/2012,,N/A-StillEmployed,Active,Production       ,Kelley Spirea,18,Google Search,Fully Meets,4.6,4,2/14/2019,7
"Barton, Nader",10066,Production Technician I,7/15/1977,M ,Divorced,US Citizen,White,9/24/2012,4/6/2017,Another position,Voluntarily Terminated,Production       ,Michael Albert,22,On-line Web application,Fully Meets,5,5,3/2/2017,1
"Bates, Norman",10061,Production Technician I,10/18/1981,M ,Single,US Citizen,White,2/21/2011,8/4/2017,attendance,Terminated for Cause,Production       ,Kelley Spirea,18,Google Search,Fully Meets,5,4,4/5/2017,20
"Beak, Kimberly  ",10023,Production Technician II,4/17/1966,F,Married,US Citizen,White,7/21/2016,,N/A-StillEmployed,Active,Production       ,Kelley Spirea,18,Employee Referral,Exceeds,4.4,3,1/14/2019,16
"Beatrice, Courtney ",10055,Production Technician I,10/27/1970,F,Single,Eligible NonCitizen,White,4/4/2011,,N/A-StillEmployed,Active,Production       ,Elijiah Gray,16,Google Search,Fully Meets,5,5,1/14/2019,12
"Becker, Renee",10245,Database Administrator,4/4/1986,F,Single,US Citizen,White,7/7/2014,9/12/2015,performance,Terminated for Cause,IT/IS,Simon Roup,4,Google Search,Fully Meets,4.5,4,1/15/2015,8
"Becker, Scott",10277,Production Technician I,4/6/1979,M ,Single,US Citizen,Asian,7/8/2013,,N/A-StillEmployed,Active,Production       ,Webster Butler,,LinkedIn,Fully Meets,4.2,4,1/11/2019,13
"Bernstein, Sean",10046,Production Technician I,12/22/1970,M ,Single,US Citizen,White,4/2/2012,,N/A-StillEmployed,Active,Production       ,Amy Dunn,11,Google Search,Fully Meets,5,3,1/14/2019,13
"Biden, Lowan  M",10226,Production Technician I,12/27/1958,F,Divorced,US Citizen,Asian,8/19/2013,,N/A-StillEmployed,Active,Production       ,Ketsia Liebig,19,Indeed,Fully Meets,4.2,3,1/10/2019,2
"Billis, Helen",10003,Production Technician I,9/1/1989,F,Married,US Citizen,White,7/7/2014,,N/A-StillEmployed,Active,Production       ,Brannon Miller,12,Indeed,Exceeds,5,3,2/27/2019,19
"Blount, Dianna",10294,Production Technician II,9/21/1990,F,Single,US Citizen,White,4/4/2011,,N/A-StillEmployed,Active,Production       ,Michael Albert,22,CareerBuilder,Needs Improvement,2,3,2/27/2019,3
"Bondwell, Betsy",10267,Production Technician II,1/16/1967,F,Single,US Citizen,White,1/10/2011,4/4/2014,career change,Voluntarily Terminated,Production       ,Elijiah Gray,16,Google Search,Fully Meets,4.8,5,3/4/2014,5
"Booth, Frank",10199,Enterprise Architect,7/30/1964,M ,Single,US Citizen,Black or African American,2/17/2014,2/19/2016,Learned that he is a gangster,Terminated for Cause,IT/IS,Simon Roup,4,LinkedIn,Fully Meets,3.5,5,1/10/2016,2
"Boutwell, Bonalyn",10081,Sr. Accountant,4/4/1987,F,Married,US Citizen,Black or African American,2/16/2015,,N/A-StillEmployed,Active,Admin Offices,Brandon R. LeBlanc,3,Diversity Job Fair,Fully Meets,5,4,2/18/2019,4
"Bozzi, Charles",10175,Production Manager,3/10/1970,M ,Single,US Citizen,Asian,9/30/2013,8/7/2014,retiring,Voluntarily Terminated,Production       ,Janet King,2,Indeed,Fully Meets,3.39,3,2/20/2014,14
"Brill, Donna",10177,Production Technician I,8/24/1990,F,Married,US Citizen,White,4/2/2012,6/15/2013,Another position,Voluntarily Terminated,Production       ,David Stanley,14,Google Search,Fully Meets,3.35,4,3/4/2013,6
"Brown, Mia",10238,Accountant I,11/24/1987,F,Married,US Citizen,Black or African American,10/27/2008,,N/A-StillEmployed,Active,Admin Offices,Brandon R. LeBlanc,1,Diversity Job Fair,Fully Meets,4.5,2,1/15/2019,14
"Buccheri, Joseph  ",10184,Production Technician II,7/28/1983,M ,Single,US Citizen,White,9/29/2014,,N/A-StillEmployed,Active,Production       ,Webster Butler,,Google Search,Fully Meets,3.19,3,2/1/2019,9
"Bugali, Josephine ",10203,Production Technician I,10/30/1969,F,Separated,US Citizen,Black or African American,11/11/2013,,N/A-StillEmployed,Active,Production       ,Kissy Sullivan,20,Diversity Job Fair,Fully Meets,3.5,5,1/21/2019,17
"Bunbury, Jessica",10188,Area Sales Manager,6/1/1964,F,Married,Eligible NonCitizen,Black or African American,8/15/2011,8/2/2014,Another position,Voluntarily Terminated,Sales,John Smith,17,Google Search,Fully Meets,3.14,5,2/10/2013,19
"Burke, Joelle",10107,Production Technician II,3/2/1980,F,Single,US Citizen,Black or African American,3/5/2012,,N/A-StillEmployed,Active,Production       ,Amy Dunn,11,Employee Referral,Fully Meets,4.51,4,2/21/2019,3
"Burkett, Benjamin ",10181,Production Technician II,8/19/1977,M ,Married,US Citizen,White,4/4/2011,,N/A-StillEmployed,Active,Production       ,Ketsia Liebig,19,Indeed,Fully Meets,3.25,5,1/14/2019,15
"Cady, Max ",10150,Software Engineering Manager,11/22/1966,M ,Single,US Citizen,White,8/15/2011,,N/A-StillEmployed,Active,Software Engineering,Jennifer Zamora,5,Google Search,Fully Meets,3.84,3,1/21/2019,4
"Candie, Calvin",10001,Production Manager,8/9/1983,M ,Single,US Citizen,White,1/28/2016,,N/A-StillEmployed,Active,Production       ,Janet King,2,Indeed,Exceeds,5,3,2/22/2019,14
"Carabbio, Judith",10085,Software Engineer,4/5/1987,F,Single,US Citizen,White,11/11/2013,,N/A-StillEmployed,Active,Software Engineering,Alex Sweetwater,10,Indeed,Fully Meets,4.96,4,1/30/2019,3
"Carey, Michael  ",10115,Production Technician I,2/2/1983,M ,Single,US Citizen,Black or African American,3/31/2014,,N/A-StillEmployed,Active,Production       ,Kelley Spirea,18,LinkedIn,Fully Meets,4.43,3,2/1/2019,14
"Carr, Claudia  N",10082,Sr. DBA,6/6/1986,F,Single,US Citizen,Black or African American,6/30/2016,,N/A-StillEmployed,Active,IT/IS,Simon Roup,4,LinkedIn,Fully Meets,5,5,2/18/2019,7
"Carter, Michelle ",10040,Area Sales Manager,5/15/1963,F,Single,US Citizen,White,8/18/2014,,N/A-StillEmployed,Active,Sales,John Smith,17,Indeed,Fully Meets,5,5,1/21/2019,7
"Chace, Beatrice ",10067,Production Technician I,1/2/1951,F,Single,US Citizen,White,9/29/2014,,N/A-StillEmployed,Active,Production       ,Michael Albert,22,Google Search,Fully Meets,5,4,2/12/2019,11
"Champaigne, Brian",10108,BI Director,2/9/1972,M ,Married,US Citizen,White,9/6/2016,,N/A-StillEmployed,Active,IT/IS,Jennifer Zamora,5,Indeed,Fully Meets,4.5,5,1/15/2019,8
"Chan, Lin",10210,Production Technician I,2/12/1979,F,Single,US Citizen,White,5/12/2014,,N/A-StillEmployed,Active,Production       ,Elijiah Gray,16,Indeed,Fully Meets,3.3,4,2/19/2019,11
"Chang, Donovan  E",10154,Production Technician I,8/24/1983,M ,Single,US Citizen,White,7/8/2013,,N/A-StillEmployed,Active,Production       ,Webster Butler,,LinkedIn,Fully Meets,3.8,5,1/14/2019,4
"Chigurh, Anton",10200,Area Sales Manager,6/11/1970,M ,Single,Eligible NonCitizen,Black or African American,5/14/2012,,N/A-StillEmployed,Active,Sales,Lynn Daneault,21,Employee Referral,Fully Meets,3,5,1/19/2019,17
"Chivukula, Enola",10240,Production Technician I,8/27/1983,F,Single,US Citizen,White,6/27/2011,11/15/2015,relocation out of area,Voluntarily Terminated,Production       ,Amy Dunn,11,Indeed,Fully Meets,4.3,4,3/10/2015,3
"Cierpiszewski, Caroline  ",10168,Production Technician I,5/31/1988,F,Single,Non-Citizen,Black or African American,10/3/2011,,N/A-StillEmployed,Active,Production       ,Ketsia Liebig,19,Indeed,Fully Meets,3.58,5,1/30/2019,3
"Clayton, Rick",10220,IT Support,9/5/1985,M ,Single,US Citizen,White,9/5/2012,,N/A-StillEmployed,Active,IT/IS,Eric Dougall,6,Indeed,Fully Meets,4.7,3,2/27/2019,2
"Cloninger, Jennifer",10275,Production Technician II,8/31/1981,F,Married,US Citizen,White,5/16/2011,1/7/2013,unhappy,Voluntarily Terminated,Production       ,Brannon Miller,12,Google Search,Fully Meets,4.2,5,5/3/2012,9
"Close, Phil",10269,Production Technician II,11/25/1978,M ,Married,US Citizen,White,8/30/2010,9/26/2011,career change,Voluntarily Terminated,Production       ,David Stanley,14,Indeed,Fully Meets,4.2,4,5/4/2011,6
"Clukey, Elijian",10029,Production Technician I,8/26/1980,M ,Married,US Citizen,White,7/6/2016,,N/A-StillEmployed,Active,Production       ,Brannon Miller,12,Employee Referral,Exceeds,4.1,4,2/28/2019,5
"Cockel, James",10261,Production Technician I,9/8/1977,M ,Single,US Citizen,White,7/8/2013,,N/A-StillEmployed,Active,Production       ,David Stanley,14,Employee Referral,Fully Meets,4.4,5,1/14/2019,3
"Cole, Spencer",10292,Production Technician I,8/12/1979,M ,Single,US Citizen,Black or African American,7/11/2011,9/23/2016,performance,Terminated for Cause,Production       ,Kissy Sullivan,20,LinkedIn,Needs Improvement,2,3,5/1/2016,16
"Corleone, Michael",10282,Production Manager,12/17/1975,M ,Divorced,US Citizen,White,7/20/2010,,N/A-StillEmployed,Active,Production       ,Janet King,2,CareerBuilder,Needs Improvement,4.13,2,1/14/2019,3
"Corleone, Vito",10019,Director of Operations,3/19/1983,M ,Single,US Citizen,Black or African American,1/5/2009,,N/A-StillEmployed,Active,Production       ,Janet King,2,Indeed,Exceeds,3.7,5,2/4/2019,15
"Cornett, Lisa ",10094,Production Technician I,3/31/1977,F,Married,US Citizen,White,1/5/2015,,N/A-StillEmployed,Active,Production       ,Kelley Spirea,18,Indeed,Fully Meets,4.73,5,2/14/2019,6
"Costello, Frank",10193,Data Analyst,8/26/1986,M ,Married,US Citizen,White,3/30/2015,,N/A-StillEmployed,Active,IT/IS,Simon Roup,4,Indeed,Fully Meets,3.04,3,1/22/2019,2
"Crimmings,   Jean",10132,Production Technician I,4/10/1987,F,Single,US Citizen,White,7/6/2016,,N/A-StillEmployed,Active,Production       ,Michael Albert,22,LinkedIn,Fully Meets,4.12,5,1/28/2019,15
"Cross, Noah",10083,Sr. Network Engineer,9/9/1965,M ,Single,US Citizen,White,11/10/2014,,N/A-StillEmployed,Active,IT/IS,Peter Monroe,7,Employee Referral,Fully Meets,5,3,1/2/2019,5
"Daneault, Lynn",10099,Sales Manager,4/19/1990,F,Single,US Citizen,White,5/5/2014,,N/A-StillEmployed,Active,Sales,Debra Houlihan,15,Indeed,Fully Meets,4.62,4,1/24/2019,8
"Daniele, Ann  ",10212,Sr. Network Engineer,1/18/1952,F,Married,US Citizen,White,11/10/2014,,N/A-StillEmployed,Active,IT/IS,Peter Monroe,7,LinkedIn,Fully Meets,3.1,5,2/12/2019,19
"Darson, Jene'ya ",10056,Production Technician I,11/5/1978,F,Married,US Citizen,White,7/2/2012,,N/A-StillEmployed,Active,Production       ,Elijiah Gray,16,Indeed,Fully Meets,5,3,2/25/2019,1
"Davis, Daniel",10143,Production Technician II,9/14/1979,M ,Single,Eligible NonCitizen,Two or more races,11/7/2011,,N/A-StillEmployed,Active,Production       ,Kissy Sullivan,20,LinkedIn,Fully Meets,3.96,4,2/27/2019,6
"Dee, Randy",10311,Production Technician I,4/15/1988,M ,Married,US Citizen,White,7/9/2018,,N/A-StillEmployed,Active,Production       ,Brannon Miller,12,Indeed,Fully Meets,4.3,4,1/31/2019,2
"DeGweck,  James",10070,Production Technician I,10/31/1977,M ,Married,US Citizen,White,5/16/2011,6/8/2016,unhappy,Voluntarily Terminated,Production       ,Webster Butler,39,Indeed,Fully Meets,5,4,4/2/2016,14
"Del Bosque, Keyla",10155,Software Engineer,7/5/1979,F,Single,US Citizen,Black or African American,1/9/2012,,N/A-StillEmployed,Active,Software Engineering,Alex Sweetwater,10,CareerBuilder,Fully Meets,3.79,5,1/25/2019,8
"Delarge, Alex",10306,Area Sales Manager,11/2/1975,M ,Single,US Citizen,Two or more races,9/29/2014,,N/A-StillEmployed,Active,Sales,John Smith,17,Indeed,PIP,1.93,3,1/30/2019,5
"Demita, Carla",10100,Production Technician II,2/25/1951,F,Separated,US Citizen,Black or African American,4/4/2011,11/4/2015,more money,Voluntarily Terminated,Production       ,Kelley Spirea,18,Google Search,Fully Meets,4.62,5,5/6/2015,1
"Desimone, Carl ",10310,Production Technician I,4/19/1967,M ,Married,US Citizen,White,7/7/2014,,N/A-StillEmployed,Active,Production       ,Amy Dunn,11,Indeed,PIP,1.12,2,1/31/2019,9
"DeVito, Tommy",10197,BI Developer,9/4/1983,M ,Single,US Citizen,White,2/15/2017,,N/A-StillEmployed,Active,IT/IS,Brian Champaigne,13,Indeed,Fully Meets,3.01,5,1/23/2019,15
"Dickinson, Geoff ",10276,Production Technician I,11/15/1982,M ,Single,US Citizen,White,5/12/2014,,N/A-StillEmployed,Active,Production       ,Ketsia Liebig,19,Indeed,Fully Meets,4.3,4,2/19/2019,1
"Dietrich, Jenna  ",10304,Area Sales Manager,5/14/1987,F,Single,US Citizen,White,2/20/2012,,N/A-StillEmployed,Active,Sales,John Smith,17,Website,PIP,2.3,1,1/29/2019,17
"DiNocco, Lily ",10284,Production Technician I,12/2/1978,F,Married,US Citizen,Black or African American,1/7/2013,,N/A-StillEmployed,Active,Production       ,Brannon Miller,12,Indeed,Needs Improvement,3.88,4,1/18/2019,6
"Dobrin, Denisa  S",10207,Production Technician I,10/7/1986,F,Single,US Citizen,White,4/2/2012,,N/A-StillEmployed,Active,Production       ,David Stanley,14,CareerBuilder,Fully Meets,3.4,5,2/19/2019,15
"Dolan, Linda",10133,IT Support,7/18/1988,F,Married,US Citizen,White,1/5/2015,,N/A-StillEmployed,Active,IT/IS,Peter Monroe,7,Employee Referral,Fully Meets,4.11,4,2/25/2019,16
"Dougall, Eric",10028,IT Manager - Support,7/9/1970,M ,Single,US Citizen,Black or African American,1/5/2014,,N/A-StillEmployed,Active,IT/IS,Jennifer Zamora,5,Indeed,Exceeds,4.3,5,1/4/2019,4
"Driver, Elle",10006,Area Sales Manager,11/8/1988,F,Single,US Citizen,White,1/10/2011,,N/A-StillEmployed,Active,Sales,Lynn Daneault,21,Indeed,Exceeds,4.77,5,1/27/2019,14
"Dunn, Amy  ",10105,Production Manager,11/28/1973,F,Single,US Citizen,White,9/18/2014,,N/A-StillEmployed,Active,Production       ,Janet King,2,Google Search,Fully Meets,4.52,4,1/15/2019,4
"Dunne, Amy",10211,Production Technician I,9/23/1973,F,Married,US Citizen,White,4/26/2010,,N/A-StillEmployed,Active,Production       ,Ketsia Liebig,19,Google Search,Fully Meets,2.9,3,1/21/2019,6
"Eaton, Marianne",10064,Production Technician I,9/5/1991,F,Married,US Citizen,White,4/4/2011,6/6/2017,military,Voluntarily Terminated,Production       ,Kissy Sullivan,20,Google Search,Fully Meets,5,3,4/9/2017,7
"Engdahl, Jean",10247,Production Technician I,5/31/1974,M ,Single,US Citizen,White,11/10/2014,,N/A-StillEmployed,Active,Production       ,Kelley Spirea,18,LinkedIn,Fully Meets,4.7,5,2/13/2019,8
"England, Rex",10235,Production Technician I,8/25/1978,M ,Married,US Citizen,White,3/31/2014,,N/A-StillEmployed,Active,Production       ,Kelley Spirea,18,Employee Referral,Fully Meets,4.2,3,1/11/2019,3
"Erilus, Angela",10299,Production Technician II,8/25/1989,F,Separated,US Citizen,White,7/7/2014,,N/A-StillEmployed,Active,Production       ,Michael Albert,22,Indeed,PIP,3,1,2/25/2019,5
"Estremera, Miguel",10280,Production Technician I,9/2/1983,M ,Single,US Citizen,White,4/2/2012,9/27/2018,attendance,Terminated for Cause,Production       ,Michael Albert,22,Google Search,Needs Improvement,5,4,4/12/2018,16
"Evensen, April",10296,Production Technician I,5/6/1989,F,Single,US Citizen,White,2/17/2014,2/25/2018,"no-call, no-show",Terminated for Cause,Production       ,Elijiah Gray,16,Google Search,Needs Improvement,2.3,3,1/15/2017,19
"Exantus, Susan",10290,Software Engineer,5/15/1987,F,Married,US Citizen,Black or African American,5/2/2011,6/5/2013,attendance,Terminated for Cause,Software Engineering,Alex Sweetwater,10,Indeed,Needs Improvement,2.1,5,8/10/2012,19
"Faller, Megan ",10263,Production Technician II,9/22/1978,F,Married,US Citizen,Black or African American,7/7/2014,,N/A-StillEmployed,Active,Production       ,Elijiah Gray,16,LinkedIn,Fully Meets,4.4,5,2/22/2019,17
"Fancett, Nicole",10136,Production Technician II,9/27/1987,F,Single,US Citizen,Black or African American,2/17/2014,,N/A-StillEmployed,Active,Production       ,Webster Butler,,LinkedIn,Fully Meets,4,4,1/7/2019,7
"Ferguson, Susan",10189,Production Technician I,4/14/1955,F,Married,US Citizen,White,11/7/2011,5/17/2016,military,Voluntarily Terminated,Production       ,Webster Butler,39,Google Search,Fully Meets,3.13,3,2/4/2016,16
"Fernandes, Nilson  ",10308,Production Technician I,10/18/1989,M ,Married,US Citizen,White,5/11/2015,,N/A-StillEmployed,Active,Production       ,Amy Dunn,11,Indeed,PIP,1.56,5,1/3/2019,15
"Fett, Boba",10309,Network Engineer,6/18/1987,M ,Single,US Citizen,White,3/30/2015,,N/A-StillEmployed,Active,IT/IS,Peter Monroe,7,LinkedIn,PIP,1.2,3,2/4/2019,2
"Fidelia,  Libby",10049,Production Technician I,3/16/1981,F,Married,US Citizen,White,1/9/2012,,N/A-StillEmployed,Active,Production       ,Brannon Miller,12,Google Search,Fully Meets,5,5,1/29/2019,19
"Fitzpatrick, Michael  J",10093,Production Technician II,10/1/1981,M ,Single,US Citizen,White,5/16/2011,6/24/2013,hours,Voluntarily Terminated,Production       ,Amy Dunn,11,Google Search,Fully Meets,4.76,5,4/5/2013,20
"Foreman, Tanya",10163,Production Technician II,11/8/1983,F,Married,US Citizen,White,4/4/2011,1/9/2013,career change,Voluntarily Terminated,Production       ,Ketsia Liebig,19,Google Search,Fully Meets,3.66,3,1/7/2012,6
"Forrest, Alex",10305,Area Sales Manager,7/7/1975,M ,Married,US Citizen,White,9/29/2014,8/19/2018,Fatal attraction,Terminated for Cause,Sales,Lynn Daneault,21,Employee Referral,PIP,2,5,1/28/2019,7
"Foss, Jason",10015,IT Director,7/5/1980,M ,Single,US Citizen,Black or African American,4/15/2011,,N/A-StillEmployed,Active,IT/IS,Jennifer Zamora,5,Indeed,Exceeds,5,5,1/7/2019,15
"Foster-Baker, Amy",10080,Sr. Accountant,4/16/1979,F,Married,US Citizen,White,1/5/2009,,N/A-StillEmployed,Active,Admin Offices,Board of Directors,9,Other,Fully Meets,5,3,2/8/2019,3
"Fraval, Maruk ",10258,Area Sales Manager,8/28/1963,M ,Single,US Citizen,Black or African American,9/6/2011,,N/A-StillEmployed,Active,Sales,Lynn Daneault,21,CareerBuilder,Fully Meets,4.3,3,1/27/2019,7
"Galia, Lisa",10273,IT Support,7/6/1968,F,Single,US Citizen,White,5/1/2010,,N/A-StillEmployed,Active,IT/IS,Eric Dougall,6,LinkedIn,Fully Meets,4.7,4,2/1/2019,1
"Garcia, Raul",10111,Production Technician I,9/15/1985,M ,Single,US Citizen,White,3/30/2015,,N/A-StillEmployed,Active,Production       ,David Stanley,14,Employee Referral,Fully Meets,4.5,3,2/18/2019,5
"Gaul, Barbara",10257,Production Technician I,12/2/1983,F,Single,US Citizen,Black or African American,5/16/2011,,N/A-StillEmployed,Active,Production       ,Kelley Spirea,18,LinkedIn,Fully Meets,4.2,4,2/26/2019,12
"Gentry, Mildred",10159,Production Technician I,10/1/1990,F,Married,US Citizen,Black or African American,3/30/2015,,N/A-StillEmployed,Active,Production       ,Michael Albert,22,LinkedIn,Fully Meets,3.73,3,1/16/2019,19
"Gerke, Melisa",10122,Production Technician I,5/15/1970,F,Divorced,US Citizen,Black or African American,11/7/2011,11/15/2016,hours,Voluntarily Terminated,Production       ,Elijiah Gray,16,Diversity Job Fair,Fully Meets,4.24,4,4/29/2016,2
"Gill, Whitney  ",10142,Area Sales Manager,7/10/1971,F,Widowed,US Citizen,Black or African American,7/7/2014,9/5/2015,attendance,Terminated for Cause,Sales,John Smith,17,CareerBuilder,Fully Meets,3.97,4,1/15/2014,7
"Gilles, Alex",10283,Production Technician I,8/9/1974,M ,Married,US Citizen,Black or African American,4/2/2012,6/25/2015,military,Voluntarily Terminated,Production       ,Webster Butler,39,Diversity Job Fair,Needs Improvement,3.97,4,1/20/2015,15
"Girifalco, Evelyn",10018,Production Technician I,5/8/1980,F,Single,US Citizen,Two or more races,9/29/2014,,N/A-StillEmployed,Active,Production       ,Amy Dunn,11,Indeed,Exceeds,3.9,4,2/7/2019,3
"Givens, Myriam",10255,Area Sales Manager,9/22/1989,F,Single,US Citizen,White,2/16/2015,,N/A-StillEmployed,Active,Sales,Lynn Daneault,21,Indeed,Fully Meets,4.5,5,1/25/2019,20
"Goble, Taisha",10246,Database Administrator,10/23/1971,F,Single,US Citizen,White,2/16/2015,3/15/2015,"no-call, no-show",Terminated for Cause,IT/IS,Simon Roup,4,Indeed,Fully Meets,4.6,4,1/20/2015,10
"Goeth, Amon",10228,IT Support,11/24/1989,M ,Married,US Citizen,White,3/30/2015,,N/A-StillEmployed,Active,IT/IS,Peter Monroe,7,LinkedIn,Fully Meets,4.3,5,1/10/2019,20
"Gold, Shenice  ",10243,Production Technician I,6/18/1992,F,Single,US Citizen,White,11/11/2013,,N/A-StillEmployed,Active,Production       ,Ketsia Liebig,19,Indeed,Fully Meets,4.3,5,2/18/2019,7
"Gonzalez, Cayo",10031,Production Technician I,9/29/1969,M ,Divorced,US Citizen,Black or African American,7/11/2011,,N/A-StillEmployed,Active,Production       ,Brannon Miller,12,Diversity Job Fair,Exceeds,4.5,4,2/18/2019,1
"Gonzalez, Juan",10300,Production Technician II,10/12/1964,M ,Married,US Citizen,Black or African American,4/26/2010,5/30/2011,career change,Voluntarily Terminated,Production       ,Brannon Miller,12,Diversity Job Fair,PIP,3,3,3/6/2011,10
"Gonzalez, Maria",10101,IT Support,4/16/1981,F,Separated,US Citizen,White,1/5/2015,,N/A-StillEmployed,Active,IT/IS,Peter Monroe,7,Employee Referral,Fully Meets,4.61,4,1/28/2019,11
"Good, Susan",10237,Production Technician II,5/25/1986,F,Married,US Citizen,White,5/12/2014,,N/A-StillEmployed,Active,Production       ,David Stanley,14,LinkedIn,Fully Meets,4.6,3,2/7/2019,20
"Gordon, David",10051,Production Technician I,5/21/1979,M ,Married,US Citizen,White,7/2/2012,,N/A-StillEmployed,Active,Production       ,David Stanley,14,LinkedIn,Fully Meets,5,3,1/14/2019,2
"Gosciminski, Phylicia  ",10218,Production Technician II,12/8/1983,F,Separated,US Citizen,American Indian or Alaska Native,9/30/2013,,N/A-StillEmployed,Active,Production       ,Kissy Sullivan,20,Google Search,Fully Meets,4.4,5,2/21/2019,1
"Goyal, Roxana",10256,Production Technician I,10/9/1974,F,Married,US Citizen,Asian,8/19/2013,,N/A-StillEmployed,Active,Production       ,Kissy Sullivan,20,LinkedIn,Fully Meets,4.1,5,2/15/2019,3
"Gray, Elijiah  ",10098,Production Manager,7/11/1981,M ,Divorced,US Citizen,White,6/2/2015,,N/A-StillEmployed,Active,Production       ,Janet King,2,Employee Referral,Fully Meets,4.63,3,1/4/2019,2
"Gross, Paula",10059,Production Technician I,5/21/1983,F,Divorced,US Citizen,White,2/21/2011,1/11/2014,more money,Voluntarily Terminated,Production       ,Kelley Spirea,18,CareerBuilder,Fully Meets,5,5,6/3/2013,17
"Gruber, Hans",10234,BI Developer,6/30/1989,M ,Married,US Citizen,Black or African American,4/20/2017,,N/A-StillEmployed,Active,IT/IS,Brian Champaigne,13,Indeed,Fully Meets,4.2,5,1/28/2019,8
"Guilianno, Mike",10109,Area Sales Manager,2/9/1969,M ,Single,US Citizen,Two or more races,3/7/2012,10/31/2014,relocation out of area,Voluntarily Terminated,Sales,John Smith,17,LinkedIn,Fully Meets,4.5,5,2/1/2013,20
"Handschiegl, Joanne",10125,Production Technician I,3/23/1977,F,Married,US Citizen,White,11/28/2011,,N/A-StillEmployed,Active,Production       ,Michael Albert,22,Google Search,Fully Meets,4.2,4,2/22/2019,13
"Hankard, Earnest",10074,Production Technician II,8/10/1988,M ,Single,US Citizen,White,11/11/2013,,N/A-StillEmployed,Active,Production       ,Kelley Spirea,18,LinkedIn,Fully Meets,5,3,1/8/2019,20
"Harrington, Christie ",10097,Production Technician I,8/18/1952,F,Single,US Citizen,White,1/9/2012,12/15/2015,retiring,Voluntarily Terminated,Production       ,Webster Butler,39,CareerBuilder,Fully Meets,4.64,4,5/2/2015,8
"Harrison, Kara",10007,Production Technician I,5/2/1974,F,Married,US Citizen,White,5/12/2014,,N/A-StillEmployed,Active,Production       ,Amy Dunn,11,CareerBuilder,Exceeds,4.76,4,2/15/2019,5
"Heitzman, Anthony",10129,Production Technician I,1/4/1984,M ,Single,US Citizen,White,8/13/2012,,N/A-StillEmployed,Active,Production       ,Ketsia Liebig,19,Google Search,Fully Meets,4.17,4,2/11/2019,1
"Hendrickson, Trina",10075,Production Technician II,8/27/1972,F,Single,US Citizen,White,1/10/2011,6/18/2013,hours,Voluntarily Terminated,Production       ,Kelley Spirea,18,CareerBuilder,Fully Meets,5,3,1/30/2013,15
"Hitchcock, Alfred",10167,Area Sales Manager,9/14/1988,M ,Married,US Citizen,American Indian or Alaska Native,8/18/2014,,N/A-StillEmployed,Active,Sales,John Smith,17,Indeed,Fully Meets,3.6,5,1/30/2019,9
"Homberger, Adrienne  J",10195,Production Technician II,2/16/1984,F,Married,Non-Citizen,White,8/15/2011,4/7/2012,relocation out of area,Voluntarily Terminated,Production       ,Michael Albert,30,Indeed,Fully Meets,3.03,5,3/5/2012,16
"Horton, Jayne",10112,Database Administrator,2/21/1984,F,Single,US Citizen,White,3/30/2015,,N/A-StillEmployed,Active,IT/IS,Simon Roup,4,Indeed,Fully Meets,4.48,5,1/3/2019,4
"Houlihan, Debra",10272,Director of Sales,3/17/1966,F,Married,US Citizen,White,5/5/2014,,N/A-StillEmployed,Active,Sales,Janet King,2,LinkedIn,Fully Meets,4.5,4,1/21/2019,19
"Howard, Estelle",10182,Administrative Assistant,9/16/1985,F,Married,US Citizen,Black or African American,2/16/2015,4/15/2015,"no-call, no-show",Terminated for Cause,Admin Offices,Brandon R. LeBlanc,1,Indeed,Fully Meets,3.24,3,4/15/2015,6
"Hudson, Jane",10248,Production Technician I,6/10/1986,F,Single,US Citizen,White,2/20/2012,,N/A-StillEmployed,Active,Production       ,Ketsia Liebig,19,LinkedIn,Fully Meets,4.8,4,1/7/2019,4
"Hunts, Julissa",10201,Production Technician II,3/11/1984,F,Single,US Citizen,White,6/6/2016,,N/A-StillEmployed,Active,Production       ,Elijiah Gray,16,LinkedIn,Fully Meets,3,5,1/18/2019,4
"Hutter, Rosalie",10214,Production Technician II,5/7/1992,F,Separated,US Citizen,White,6/5/2015,,N/A-StillEmployed,Active,Production       ,Webster Butler,,Indeed,Fully Meets,4.5,3,2/14/2019,6
"Huynh, Ming",10160,Production Technician II,9/22/1976,F,Divorced,US Citizen,White,2/21/2011,4/1/2013,unhappy,Voluntarily Terminated,Production       ,Amy Dunn,11,Google Search,Fully Meets,3.72,3,2/1/2013,18
"Immediato, Walter",10289,Production Manager,11/15/1976,M ,Married,US Citizen,Asian,2/21/2011,9/24/2012,unhappy,Voluntarily Terminated,Production       ,Janet King,2,Indeed,Needs Improvement,2.34,2,4/12/2012,4
"Ivey, Rose ",10139,Production Technician I,1/28/1991,F,Single,US Citizen,White,8/19/2013,,N/A-StillEmployed,Active,Production       ,Brannon Miller,12,Indeed,Fully Meets,3.99,3,1/14/2019,14
"Jackson, Maryellen",10227,Production Technician I,9/11/1972,F,Single,US Citizen,Black or African American,11/5/2012,,N/A-StillEmployed,Active,Production       ,David Stanley,14,LinkedIn,Fully Meets,4.1,3,1/17/2019,7
"Jacobi, Hannah  ",10236,Production Technician I,3/22/1966,F,Divorced,US Citizen,White,9/30/2013,,N/A-StillEmployed,Active,Production       ,Kissy Sullivan,20,Employee Referral,Fully Meets,4.3,5,2/22/2019,7
"Jeannite, Tayana",10009,Production Technician II,11/6/1986,F,Divorced,US Citizen,American Indian or Alaska Native,7/5/2011,,N/A-StillEmployed,Active,Production       ,Ketsia Liebig,19,LinkedIn,Exceeds,4.6,4,2/25/2019,11
"Jhaveri, Sneha  ",10060,Production Technician I,4/13/1964,F,Separated,US Citizen,White,1/6/2014,,N/A-StillEmployed,Active,Production       ,Kelley Spirea,18,LinkedIn,Fully Meets,5,5,1/21/2019,9
"Johnson, George",10034,Production Technician I,8/19/1959,M ,Married,US Citizen,White,11/7/2011,4/29/2018,more money,Voluntarily Terminated,Production       ,Michael Albert,22,CareerBuilder,Exceeds,4.7,4,2/14/2018,9
"Johnson, Noelle ",10156,Database Administrator,11/7/1986,F,Married,US Citizen,Asian,1/5/2015,,N/A-StillEmployed,Active,IT/IS,Simon Roup,4,Indeed,Fully Meets,3.75,3,2/11/2019,2
"Johnston, Yen",10036,Production Technician II,9/8/1969,F,Single,US Citizen,White,7/7/2014,,N/A-StillEmployed,Active,Production       ,Brannon Miller,12,LinkedIn,Exceeds,4.3,3,1/11/2019,1
"Jung, Judy  ",10138,Production Technician I,4/17/1986,F,Married,US Citizen,Black or African American,1/10/2011,4/1/2016,unhappy,Voluntarily Terminated,Production       ,Elijiah Gray,16,CareerBuilder,Fully Meets,4,4,2/3/2016,4
"Kampew, Donysha",10244,Sales Manager,11/11/1989,F,Single,US Citizen,White,11/7/2011,4/24/2014,maternity leave - did not return,Voluntarily Terminated,Sales,Debra Houlihan,15,Google Search,Fully Meets,4.5,5,3/30/2013,2
"Keatts, Kramer ",10192,Production Technician I,1/19/1976,M ,Single,US Citizen,White,9/30/2013,,N/A-StillEmployed,Active,Production       ,Michael Albert,22,Indeed,Fully Meets,3.07,4,1/23/2019,10
"Khemmich, Bartholemew",10231,Area Sales Manager,11/27/1979,M ,Single,US Citizen,White,8/19/2013,,N/A-StillEmployed,Active,Sales,Lynn Daneault,21,Indeed,Fully Meets,4.3,5,1/22/2019,13
"King, Janet",10089,President & CEO,9/21/1954,F,Married,US Citizen,White,7/2/2012,,N/A-StillEmployed,Active,Executive Office,Board of Directors,9,Indeed,Fully Meets,4.83,3,1/17/2019,10
"Kinsella, Kathleen  ",10166,Production Technician I,12/8/1973,F,Married,US Citizen,White,9/26/2011,6/4/2015,more money,Voluntarily Terminated,Production       ,Webster Butler,39,Google Search,Fully Meets,3.6,5,3/1/2015,16
"Kirill, Alexandra  ",10170,Production Technician I,10/8/1970,F,Married,US Citizen,White,9/26/2011,1/9/2014,more money,Voluntarily Terminated,Production       ,Amy Dunn,11,Google Search,Fully Meets,3.49,4,1/30/2013,6
"Knapp, Bradley  J",10208,Production Technician I,11/10/1977,M ,Single,US Citizen,Black or African American,2/17/2014,,N/A-StillEmployed,Active,Production       ,Ketsia Liebig,19,LinkedIn,Fully Meets,3.1,3,2/6/2019,3
"Kretschmer, John",10176,Production Technician I,2/2/1980,M ,Married,US Citizen,Asian,1/10/2011,,N/A-StillEmployed,Active,Production       ,Brannon Miller,12,Indeed,Fully Meets,3.38,3,1/21/2019,17
"Kreuger, Freddy",10165,Area Sales Manager,2/24/1969,M ,Single,US Citizen,Black or African American,3/7/2011,,N/A-StillEmployed,Active,Sales,John Smith,17,Diversity Job Fair,Fully Meets,3.65,5,1/17/2019,20
"Lajiri,  Jyoti",10113,Sr. Network Engineer,4/23/1986,M ,Married,US Citizen,White,11/10/2014,,N/A-StillEmployed,Active,IT/IS,Peter Monroe,7,Employee Referral,Fully Meets,4.46,5,1/7/2019,7
"Landa, Hans",10092,Production Manager,7/1/1972,M ,Married,US Citizen,White,1/10/2011,12/12/2015,attendance,Terminated for Cause,Production       ,Janet King,2,Employee Referral,Fully Meets,4.78,4,2/15/2015,9
"Langford, Lindsey",10106,Production Technician II,7/25/1979,F,Divorced,US Citizen,Asian,1/7/2013,3/31/2014,Another position,Voluntarily Terminated,Production       ,David Stanley,14,Indeed,Fully Meets,4.52,3,2/20/2014,20
"Langton, Enrico",10052,Production Technician I,12/9/1986,M ,Married,US Citizen,White,7/9/2012,,N/A-StillEmployed,Active,Production       ,David Stanley,14,LinkedIn,Fully Meets,5,5,2/4/2019,13
"LaRotonda, William  ",10038,Accountant I,4/26/1984,M ,Divorced,US Citizen,Black or African American,1/6/2014,,N/A-StillEmployed,Active,Admin Offices,Brandon R. LeBlanc,1,Website,Fully Meets,5,4,1/17/2019,3
"Latif, Mohammed",10249,Production Technician II,5/9/1984,M ,Married,US Citizen,White,4/2/2012,4/15/2013,more money,Voluntarily Terminated,Production       ,Kissy Sullivan,20,Google Search,Fully Meets,4.9,3,2/20/2013,20
"Le, Binh",10232,Senior BI Developer,6/14/1987,F,Single,US Citizen,Asian,10/2/2016,,N/A-StillEmployed,Active,IT/IS,Brian Champaigne,13,Indeed,Fully Meets,4.1,5,1/8/2019,2
"Leach, Dallas",10087,Production Technician I,1/17/1979,F,Single,US Citizen,Asian,9/26/2011,8/19/2018,return to school,Voluntarily Terminated,Production       ,Kissy Sullivan,20,CareerBuilder,Fully Meets,4.88,3,7/2/2017,17
"LeBlanc, Brandon  R",10134,Shared Services Manager,6/10/1984,M ,Married,US Citizen,White,1/5/2016,,N/A-StillEmployed,Active,Admin Offices,Janet King,2,CareerBuilder,Fully Meets,4.1,4,1/28/2019,20
"Lecter, Hannibal",10251,Production Technician I,9/2/1982,M ,Married,US Citizen,Asian,5/14/2012,,N/A-StillEmployed,Active,Production       ,Elijiah Gray,16,Google Search,Fully Meets,4.1,3,2/22/2019,10
"Leruth, Giovanni",10103,Area Sales Manager,12/27/1988,M ,Separated,US Citizen,Black or African American,4/30/2012,,N/A-StillEmployed,Active,Sales,John Smith,17,Website,Fully Meets,4.53,3,1/29/2019,16
"Liebig, Ketsia",10017,Production Manager,10/26/1981,F,Married,US Citizen,White,9/30/2013,,N/A-StillEmployed,Active,Production       ,Janet King,2,Website,Exceeds,4.1,3,1/21/2019,11
"Linares, Marilyn ",10186,Production Technician I,3/26/1981,F,Married,US Citizen,White,7/5/2011,9/26/2018,unhappy,Voluntarily Terminated,Production       ,Michael Albert,22,Indeed,Fully Meets,3.18,4,3/2/2018,16
"Linden, Mathew",10137,Production Technician II,3/19/1979,M ,Married,US Citizen,White,7/8/2013,,N/A-StillEmployed,Active,Production       ,Kelley Spirea,18,LinkedIn,Fully Meets,4,3,2/18/2019,7
"Lindsay, Leonara ",10008,IT Support,10/5/1988,F,Single,US Citizen,Black or African American,1/21/2011,,N/A-StillEmployed,Active,IT/IS,Eric Dougall,6,Diversity Job Fair,Exceeds,4.64,4,1/25/2019,14
"Lundy, Susan",10096,Production Technician II,12/26/1976,F,Widowed,US Citizen,White,7/8/2013,9/15/2016,more money,Voluntarily Terminated,Production       ,Michael Albert,22,LinkedIn,Fully Meets,4.65,4,6/10/2016,15
"Lunquist, Lisa",10035,Production Technician II,3/28/1982,F,Single,US Citizen,Black or African American,8/19/2013,,N/A-StillEmployed,Active,Production       ,Elijiah Gray,16,Indeed,Exceeds,4.2,4,2/12/2019,19
"Lydon, Allison",10057,Production Technician I,10/22/1975,F,Married,US Citizen,Black or African American,2/16/2015,,N/A-StillEmployed,Active,Production       ,Elijiah Gray,16,Website,Fully Meets,5,3,1/23/2019,6
"Lynch, Lindsay",10004,Production Technician I,2/14/1973,F,Single,US Citizen,Black or African American,11/7/2011,11/14/2015,Another position,Voluntarily Terminated,Production       ,Webster Butler,39,Diversity Job Fair,Exceeds,5,4,2/2/2015,17
"MacLennan, Samuel",10191,Production Technician I,11/9/1972,M ,Widowed,US Citizen,White,9/24/2012,9/26/2017,hours,Voluntarily Terminated,Production       ,Amy Dunn,11,Indeed,Fully Meets,3.08,4,4/1/2017,18
"Mahoney, Lauren  ",10219,Production Technician I,7/7/1986,F,Single,US Citizen,White,1/6/2014,,N/A-StillEmployed,Active,Production       ,Ketsia Liebig,19,LinkedIn,Fully Meets,4.6,4,2/26/2019,14
"Manchester, Robyn",10077,Production Technician II,8/25/1976,F,Married,US Citizen,White,5/11/2016,,N/A-StillEmployed,Active,Production       ,Webster Butler,,LinkedIn,Fully Meets,5,3,1/21/2019,4
"Mancuso, Karen",10073,Production Technician II,12/10/1986,F,Married,US Citizen,Two or more races,7/5/2011,8/19/2012,Another position,Voluntarily Terminated,Production       ,Amy Dunn,11,LinkedIn,Fully Meets,5,4,7/2/2012,16
"Mangal, Debbie",10279,Production Technician I,11/7/1974,F,Married,US Citizen,White,11/11/2013,,N/A-StillEmployed,Active,Production       ,Brannon Miller,12,LinkedIn,Fully Meets,4.1,3,1/22/2019,11
"Martin, Sandra",10110,Software Engineer,11/7/1987,F,Single,US Citizen,Asian,11/11/2013,,N/A-StillEmployed,Active,Software Engineering,Alex Sweetwater,10,Google Search,Fully Meets,4.5,5,1/14/2019,14
"Maurice, Shana",10053,Production Technician I,11/22/1977,F,Married,US Citizen,White,5/31/2011,,N/A-StillEmployed,Active,Production       ,David Stanley,14,Indeed,Fully Meets,5,4,1/10/2019,8
"Carthy, B'rigit",10076,Production Technician II,5/21/1987,F,Single,US Citizen,Black or African American,3/30/2015,,N/A-StillEmployed,Active,Production       ,Ketsia Liebig,19,LinkedIn,Fully Meets,5,5,2/7/2019,16
"Mckenna, Sandy",10145,Production Technician I,1/7/1987,F,Married,US Citizen,Black or African American,1/7/2013,,N/A-StillEmployed,Active,Production       ,Kissy Sullivan,20,CareerBuilder,Fully Meets,3.93,3,1/30/2019,20
"McKinzie, Jac",10202,Area Sales Manager,7/1/1984,M ,Married,US Citizen,Two or more races,7/6/2016,,N/A-StillEmployed,Active,Sales,Lynn Daneault,21,Website,Fully Meets,3.4,4,1/29/2019,7
"Meads, Elizabeth",10128,Production Technician I,5/30/1968,F,Single,US Citizen,Black or African American,4/2/2012,11/11/2016,Another position,Voluntarily Terminated,Production       ,Kelley Spirea,18,Diversity Job Fair,Fully Meets,4.18,4,2/5/2016,17
"Medeiros, Jennifer",10068,Production Technician I,9/22/1976,F,Single,US Citizen,White,3/30/2015,,N/A-StillEmployed,Active,Production       ,Michael Albert,22,CareerBuilder,Fully Meets,5,4,1/21/2019,10
"Miller, Brannon",10116,Production Manager,8/10/1981,M ,Single,US Citizen,Hispanic,8/16/2012,,N/A-StillEmployed,Active,Production       ,Janet King,2,Indeed,Fully Meets,4.37,3,1/14/2019,2
"Miller, Ned",10298,Production Technician II,6/29/1985,M ,Single,US Citizen,White,8/15/2011,9/4/2014,unhappy,Voluntarily Terminated,Production       ,Brannon Miller,12,LinkedIn,PIP,3,2,1/14/2013,6
"Monkfish, Erasumus",10213,Production Technician II,8/17/1992,M ,Married,US Citizen,White,11/7/2011,,N/A-StillEmployed,Active,Production       ,David Stanley,14,LinkedIn,Fully Meets,3.7,3,1/8/2019,14
"Monroe, Peter",10288,IT Manager - Infra,10/5/1986,M ,Married,Eligible NonCitizen,Black or African American,2/15/2012,,N/A-StillEmployed,Active,IT/IS,Jennifer Zamora,5,Diversity Job Fair,Needs Improvement,2.39,3,2/22/2019,13
"Monterro, Luisa",10025,Production Technician II,4/24/1970,F,Single,US Citizen,Black or African American,5/13/2013,,N/A-StillEmployed,Active,Production       ,Kissy Sullivan,20,Indeed,Exceeds,4.7,3,1/14/2019,1
"Moran, Patrick",10223,Production Technician II,12/3/1976,M ,Single,US Citizen,Black or African American,1/9/2012,,N/A-StillEmployed,Active,Production       ,Kelley Spirea,18,Diversity Job Fair,Fully Meets,4.1,4,1/31/2019,12
"Morway, Tanya",10151,Network Engineer,4/4/1979,F,Married,US Citizen,White,2/16/2015,,N/A-StillEmployed,Active,IT/IS,Peter Monroe,7,CareerBuilder,Fully Meets,3.81,3,2/11/2019,6
"Motlagh,  Dawn",10254,Production Technician I,7/7/1984,F,Divorced,US Citizen,White,4/1/2013,,N/A-StillEmployed,Active,Production       ,Elijiah Gray,16,LinkedIn,Fully Meets,4.4,4,1/17/2019,18
"Moumanil, Maliki ",10120,Production Technician II,12/1/1974,M ,Separated,US Citizen,Black or African American,5/13/2013,,N/A-StillEmployed,Active,Production       ,Michael Albert,22,LinkedIn,Fully Meets,4.29,5,1/28/2019,11
"Myers, Michael",10216,Production Technician I,4/18/1980,M ,Single,US Citizen,Asian,7/8/2013,,N/A-StillEmployed,Active,Production       ,Kissy Sullivan,20,LinkedIn,Fully Meets,4.1,4,1/22/2019,13
"Navathe, Kurt",10079,Senior BI Developer,4/25/1970,M ,Single,US Citizen,Asian,2/10/2017,,N/A-StillEmployed,Active,IT/IS,Brian Champaigne,13,Indeed,Fully Meets,5,3,2/25/2019,17
"Ndzi, Colombui",10215,Production Technician I,5/2/1989,M ,Single,US Citizen,Black or African American,9/26/2011,4/4/2014,return to school,Voluntarily Terminated,Production       ,Webster Butler,39,Diversity Job Fair,Fully Meets,4.3,3,3/2/2013,19
"Ndzi, Horia",10185,Production Technician I,3/28/1983,M ,Married,US Citizen,White,4/1/2013,5/25/2016,more money,Voluntarily Terminated,Production       ,Amy Dunn,11,Employee Referral,Fully Meets,3.18,3,3/6/2016,10
"Newman, Richard ",10063,Production Technician I,4/8/1977,M ,Married,US Citizen,White,5/12/2014,,N/A-StillEmployed,Active,Production       ,Ketsia Liebig,19,LinkedIn,Fully Meets,5,5,2/18/2019,11
"Ngodup, Shari ",10037,Production Technician I,6/3/1967,F,Separated,US Citizen,Black or African American,4/1/2013,,N/A-StillEmployed,Active,Production       ,Brannon Miller,12,Diversity Job Fair,Exceeds,4,3,2/13/2019,12
"Nguyen, Dheepa",10042,Area Sales Manager,3/31/1989,F,Single,US Citizen,Two or more races,7/8/2013,,N/A-StillEmployed,Active,Sales,Lynn Daneault,21,Indeed,Fully Meets,5,5,1/25/2019,2
"Nguyen, Lei-Ming",10206,Production Technician I,7/7/1984,F,Single,US Citizen,White,7/8/2013,,N/A-StillEmployed,Active,Production       ,David Stanley,14,LinkedIn,Fully Meets,3.6,5,1/2/2019,4
"Nowlan, Kristie",10104,Production Technician II,11/23/1985,F,Single,US Citizen,White,11/10/2014,,N/A-StillEmployed,Active,Production       ,Elijiah Gray,16,Indeed,Fully Meets,4.53,5,1/16/2019,5
"O'hare, Lynn",10303,Production Technician I,9/30/1980,F,Single,US Citizen,Two or more races,3/31/2014,5/1/2018,performance,Terminated for Cause,Production       ,Kissy Sullivan,20,LinkedIn,PIP,2.33,2,3/9/2018,3
"Oliver, Brooke ",10078,Production Technician II,2/11/1952,F,Married,US Citizen,Asian,5/14/2012,8/19/2013,unhappy,Voluntarily Terminated,Production       ,Webster Butler,39,LinkedIn,Fully Meets,5,3,7/2/2013,17
"Onque, Jasmine",10121,Area Sales Manager,5/11/1990,F,Single,US Citizen,White,9/30/2013,,N/A-StillEmployed,Active,Sales,Lynn Daneault,21,Indeed,Fully Meets,4.28,3,1/25/2019,1
"Osturnka, Adeel",10021,Production Technician I,12/11/1976,M ,Married,US Citizen,White,9/30/2013,,N/A-StillEmployed,Active,Production       ,Kelley Spirea,18,LinkedIn,Exceeds,5,3,2/7/2019,13
"Owad, Clinton",10281,Production Technician I,11/24/1979,M ,Single,US Citizen,Black or African American,2/17/2014,,N/A-StillEmployed,Active,Production       ,Michael Albert,22,LinkedIn,Needs Improvement,4.25,3,2/4/2019,6
"Ozark, Travis",10041,Area Sales Manager,5/19/1982,M ,Single,US Citizen,White,1/5/2015,,N/A-StillEmployed,Active,Sales,John Smith,17,Website,Fully Meets,5,5,1/14/2019,18
"Panjwani, Nina",10148,Production Technician I,5/1/1979,F,Married,US Citizen,White,2/7/2011,1/12/2014,Another position,Voluntarily Terminated,Production       ,Elijiah Gray,16,Google Search,Fully Meets,3.89,4,3/4/2013,7
"Patronick, Lucas",10005,Software Engineer,2/20/1979,M ,Single,US Citizen,Black or African American,11/7/2011,9/7/2015,Another position,Voluntarily Terminated,Software Engineering,Alex Sweetwater,10,Diversity Job Fair,Exceeds,5,5,8/16/2015,13
"Pearson, Randall",10259,Data Analyst,9/5/1984,M ,Married,US Citizen,White,12/1/2014,5/1/2016,performance,Voluntarily Terminated,IT/IS,Simon Roup,4,Employee Referral,Fully Meets,4.7,4,1/16/2016,19
"Smith, Martin",10286,Production Technician I,3/17/1988,M ,Single,US Citizen,Black or African American,1/10/2011,12/28/2017,career change,Voluntarily Terminated,Production       ,Webster Butler,39,Google Search,Needs Improvement,3.54,5,4/6/2017,15
"Pelletier, Ermine",10297,Production Technician II,7/18/1989,F,Married,US Citizen,Asian,7/5/2011,9/15/2015,unhappy,Voluntarily Terminated,Production       ,Amy Dunn,11,CareerBuilder,Needs Improvement,2.4,5,2/6/2015,2
"Perry, Shakira",10171,Production Technician I,7/20/1986,F,Single,US Citizen,White,5/16/2011,10/25/2015,medical issues,Voluntarily Terminated,Production       ,Amy Dunn,11,LinkedIn,Fully Meets,3.45,4,5/13/2014,5
"Peters, Lauren",10032,Production Technician II,8/17/1986,F,Married,US Citizen,White,5/16/2011,2/4/2013,more money,Voluntarily Terminated,Production       ,Ketsia Liebig,19,Indeed,Exceeds,4.2,5,1/10/2013,12
"Peterson, Ebonee  ",10130,Production Manager,5/9/1977,F,Married,US Citizen,White,10/25/2010,5/18/2016,Another position,Voluntarily Terminated,Production       ,Janet King,2,Indeed,Fully Meets,4.16,5,3/5/2015,6
"Petingill, Shana  ",10217,Production Technician II,3/10/1979,F,Married,Eligible NonCitizen,Asian,4/2/2012,,N/A-StillEmployed,Active,Production       ,Brannon Miller,12,LinkedIn,Fully Meets,4.3,3,1/14/2019,14
"Petrowsky, Thelma",10016,Data Analyst,9/16/1984,F,Married,US Citizen,Black or African American,11/10/2014,,N/A-StillEmployed,Active,IT/IS,Simon Roup,4,Employee Referral,Exceeds,4.6,5,1/4/2019,16
"Pham, Hong",10050,Production Technician I,3/6/1988,M ,Married,US Citizen,Asian,7/5/2011,11/30/2012,more money,Voluntarily Terminated,Production       ,Brannon Miller,12,Google Search,Fully Meets,5,3,2/20/2012,13
"Pitt, Brad ",10164,Production Technician I,11/23/1981,M ,Single,US Citizen,White,11/5/2007,,N/A-StillEmployed,Active,Production       ,David Stanley,14,Google Search,Fully Meets,3.66,3,2/25/2019,15
"Potts, Xana",10124,Area Sales Manager,8/29/1988,F,Married,US Citizen,Black or African American,1/9/2012,,N/A-StillEmployed,Active,Sales,Lynn Daneault,21,Website,Fully Meets,4.2,5,2/1/2019,9
"Power, Morissa",10187,Production Technician I,10/15/1984,F,Divorced,Eligible NonCitizen,Asian,5/16/2011,6/4/2018,Another position,Voluntarily Terminated,Production       ,Kissy Sullivan,20,Google Search,Fully Meets,3.17,4,4/2/2018,14
"Punjabhi, Louis  ",10225,Production Technician I,6/19/1961,M ,Single,US Citizen,White,1/6/2014,,N/A-StillEmployed,Active,Production       ,Kelley Spirea,18,Employee Referral,Fully Meets,4.8,3,1/7/2019,14
"Purinton, Janine",10262,Production Technician I,9/22/1970,F,Divorced,US Citizen,White,9/24/2012,6/18/2013,unhappy,Voluntarily Terminated,Production       ,Kissy Sullivan,20,Indeed,Fully Meets,4.5,5,4/2/2013,16
"Quinn, Sean",10131,Software Engineer,11/6/1984,M ,Married,Eligible NonCitizen,Black or African American,2/21/2011,8/15/2015,career change,Voluntarily Terminated,Software Engineering,Janet King,2,Diversity Job Fair,Fully Meets,4.15,4,4/19/2014,4
"Rachael, Maggie",10239,BI Developer,5/12/1980,F,Married,US Citizen,Black or African American,10/2/2016,,N/A-StillEmployed,Active,IT/IS,Brian Champaigne,13,Indeed,Fully Meets,4.4,4,2/6/2019,10
"Rarrick, Quinn",10152,Production Technician I,12/31/1984,M ,Divorced,US Citizen,White,9/26/2011,4/7/2018,more money,Voluntarily Terminated,Production       ,Michael Albert,22,Indeed,Fully Meets,3.8,5,2/4/2018,19
"Ren, Kylo",10140,Area Sales Manager,10/12/1954,M ,Married,US Citizen,White,5/12/2014,,N/A-StillEmployed,Active,Sales,John Smith,17,CareerBuilder,Fully Meets,3.98,3,1/28/2019,4
"Rhoads, Thomas",10058,Production Technician I,7/22/1982,M ,Divorced,US Citizen,White,5/16/2011,1/15/2016,retiring,Voluntarily Terminated,Production       ,Elijiah Gray,16,LinkedIn,Fully Meets,5,4,3/30/2015,11
"Rivera, Haley  ",10011,Production Technician I,1/12/1973,F,Married,US Citizen,Asian,11/28/2011,,N/A-StillEmployed,Active,Production       ,Webster Butler,,Google Search,Exceeds,4.36,5,2/11/2019,16
"Roberson, May",10230,Production Technician II,9/5/1981,F,Divorced,Eligible NonCitizen,Black or African American,9/26/2011,10/22/2011,return to school,Voluntarily Terminated,Production       ,David Stanley,14,Google Search,Fully Meets,4.5,4,10/22/2011,10
"Robertson, Peter",10224,Production Technician II,7/3/1972,M ,Married,US Citizen,White,7/5/2011,2/8/2012,Another position,Voluntarily Terminated,Production       ,Kissy Sullivan,20,Indeed,Fully Meets,4.2,5,1/6/2012,13
"Robinson, Alain  ",10047,Production Technician I,1/7/1974,M ,Married,US Citizen,Black or African American,1/10/2011,1/26/2016,attendance,Voluntarily Terminated,Production       ,Amy Dunn,11,Indeed,Fully Meets,5,3,1/10/2015,11
"Robinson, Cherly",10285,Production Technician I,1/7/1985,F,Married,US Citizen,White,1/10/2011,5/17/2016,attendance,Terminated for Cause,Production       ,Ketsia Liebig,19,Indeed,Needs Improvement,3.6,3,4/5/2016,16
"Robinson, Elias",10020,Production Technician I,1/28/1985,M ,Widowed,US Citizen,White,7/8/2013,,N/A-StillEmployed,Active,Production       ,Brannon Miller,12,Employee Referral,Exceeds,3.6,5,2/11/2019,4
"Roby, Lori ",10162,Data Analyst,10/11/1981,F,Married,US Citizen,White,2/16/2015,,N/A-StillEmployed,Active,IT/IS,Simon Roup,4,Employee Referral,Fully Meets,3.69,5,2/14/2019,15
"Roehrich, Bianca",10149,Principal Data Architect,5/27/1973,F,Single,US Citizen,White,1/5/2015,11/10/2018,Another position,Voluntarily Terminated,IT/IS,Simon Roup,4,LinkedIn,Fully Meets,3.88,3,2/13/2018,12
"Roper, Katie",10086,Data Architect,11/21/1972,F,Single,US Citizen,Black or African American,1/7/2017,,N/A-StillEmployed,Active,IT/IS,Brian Champaigne,13,Indeed,Fully Meets,4.94,3,2/6/2019,17
"Rose, Ashley  ",10054,Production Technician I,12/5/1974,F,Separated,US Citizen,White,1/6/2014,,N/A-StillEmployed,Active,Production       ,David Stanley,14,Website,Fully Meets,5,4,1/31/2019,8
"Rossetti, Bruno",10065,Production Technician I,3/18/1987,M ,Single,US Citizen,White,4/4/2011,8/13/2018,Another position,Voluntarily Terminated,Production       ,Kissy Sullivan,20,Google Search,Fully Meets,5,5,7/2/2018,4
"Roup,Simon",10198,IT Manager - DB,4/5/1973,M ,Single,US Citizen,White,1/20/2013,,N/A-StillEmployed,Active,IT/IS,Jennifer Zamora,5,Indeed,Fully Meets,3.6,5,2/18/2019,13
"Ruiz, Ricardo",10222,IT Manager - DB,1/4/1964,M ,Divorced,US Citizen,Black or African American,1/9/2012,11/4/2015,hours,Voluntarily Terminated,IT/IS,Jennifer Zamora,5,Diversity Job Fair,Fully Meets,4.3,4,1/4/2015,8
"Saada, Adell",10126,Software Engineer,7/24/1986,F,Married,US Citizen,White,11/5/2012,,N/A-StillEmployed,Active,Software Engineering,Alex Sweetwater,10,Indeed,Fully Meets,4.2,3,2/13/2019,2
"Saar-Beckles, Melinda",10295,Production Technician I,6/6/1968,F,Single,US Citizen,Black or African American,7/4/2016,,N/A-StillEmployed,Active,Production       ,Kelley Spirea,18,Diversity Job Fair,Needs Improvement,2.6,4,2/18/2019,4
"Sadki, Nore  ",10260,Production Technician I,12/21/1974,M ,Single,US Citizen,White,1/5/2009,7/30/2018,relocation out of area,Voluntarily Terminated,Production       ,Michael Albert,22,Google Search,Fully Meets,4.6,5,2/5/2018,7
"Sahoo, Adil",10233,Production Technician II,4/26/1986,M ,Married,US Citizen,White,8/30/2010,,N/A-StillEmployed,Active,Production       ,Kelley Spirea,18,CareerBuilder,Fully Meets,4.1,3,1/10/2019,13
"Salter, Jason",10229,Data Analyst ,12/17/1987,M ,Divorced,US Citizen,Black or African American,1/5/2015,10/31/2015,hours,Voluntarily Terminated,IT/IS,Simon Roup,4,LinkedIn,Fully Meets,4.2,3,4/20/2015,2
"Sander, Kamrin",10169,Production Technician I,7/10/1988,F,Married,US Citizen,Black or African American,9/29/2014,,N/A-StillEmployed,Active,Production       ,Elijiah Gray,16,LinkedIn,Fully Meets,3.51,3,2/18/2019,2
"Sewkumar, Nori",10071,Production Technician I,3/10/1975,F,Single,US Citizen,Asian,9/30/2013,,N/A-StillEmployed,Active,Production       ,Webster Butler,,Google Search,Fully Meets,5,5,2/6/2019,14
"Shepard, Anita ",10179,Network Engineer,4/14/1981,F,Married,US Citizen,White,9/30/2014,,N/A-StillEmployed,Active,IT/IS,Peter Monroe,7,LinkedIn,Fully Meets,3.31,3,1/7/2019,7
"Shields, Seffi",10091,Production Technician I,8/24/1985,F,Married,US Citizen,White,8/19/2013,,N/A-StillEmployed,Active,Production       ,Amy Dunn,11,LinkedIn,Fully Meets,4.81,4,2/15/2019,15
"Simard, Kramer",10178,Data Analyst,2/8/1970,M ,Married,US Citizen,White,1/5/2015,,N/A-StillEmployed,Active,IT/IS,Simon Roup,4,Employee Referral,Fully Meets,3.32,3,1/14/2019,16
"Singh, Nan ",10039,Administrative Assistant,5/19/1988,F,Single,US Citizen,White,5/1/2015,,N/A-StillEmployed,Active,Admin Offices,Brandon R. LeBlanc,1,Website,Fully Meets,5,3,1/15/2019,2
"Sloan, Constance",10095,Production Technician II,11/25/1987,F,Single,US Citizen,White,10/26/2009,4/8/2015,maternity leave - did not return,Voluntarily Terminated,Production       ,Michael Albert,22,CareerBuilder,Fully Meets,4.68,4,4/2/2015,20
"Smith, Joe",10027,Production Technician II,10/30/1963,M ,Single,US Citizen,White,9/29/2014,,N/A-StillEmployed,Active,Production       ,Elijiah Gray,16,Indeed,Exceeds,4.3,3,1/28/2019,4
"Smith, John",10291,Sales Manager,8/16/1984,M ,Divorced,US Citizen,Black or African American,5/18/2014,,N/A-StillEmployed,Active,Sales,Debra Houlihan,15,Diversity Job Fair,Needs Improvement,2.4,4,1/16/2019,16
"Smith, Leigh Ann",10153,Administrative Assistant,6/14/1987,F,Married,US Citizen,Black or African American,9/26/2011,9/25/2013,career change,Voluntarily Terminated,Admin Offices,Brandon R. LeBlanc,1,Diversity Job Fair,Fully Meets,3.8,4,8/15/2013,17
"Smith, Sade",10157,Production Technician I,2/2/1965,F,Single,US Citizen,White,11/11/2013,,N/A-StillEmployed,Active,Production       ,Ketsia Liebig,19,Employee Referral,Fully Meets,3.73,3,1/24/2019,16
"Soto, Julia ",10119,IT Support,3/12/1973,F,Married,US Citizen,Black or African American,6/10/2011,,N/A-StillEmployed,Active,IT/IS,Eric Dougall,6,LinkedIn,Fully Meets,4.3,3,2/8/2019,19
"Soze, Keyser",10180,Sr. Network Engineer,2/9/1983,M ,Married,US Citizen,Asian,6/30/2016,,N/A-StillEmployed,Active,IT/IS,Peter Monroe,7,LinkedIn,Fully Meets,3.27,4,1/14/2019,13
"Sparks, Taylor  ",10302,Production Technician I,7/20/1968,F,Married,US Citizen,White,2/20/2012,,N/A-StillEmployed,Active,Production       ,Brannon Miller,12,Indeed,PIP,2.4,2,2/25/2019,20
"Spirea, Kelley",10090,Production Manager,9/30/1975,F,Married,US Citizen,White,10/2/2012,,N/A-StillEmployed,Active,Production       ,Janet King,2,LinkedIn,Fully Meets,4.83,5,2/14/2019,15
"Squatrito, Kristen",10030,Production Technician I,3/26/1973,F,Divorced,US Citizen,White,5/13/2013,6/29/2015,unhappy,Voluntarily Terminated,Production       ,David Stanley,14,LinkedIn,Exceeds,4.1,4,3/2/2015,16
"Stanford,Barbara  M",10278,Production Technician I,8/25/1982,F,Divorced,US Citizen,Two or more races,1/10/2011,,N/A-StillEmployed,Active,Production       ,Kissy Sullivan,20,Google Search,Fully Meets,4.1,4,2/7/2019,9
"Stansfield, Norman",10307,Area Sales Manager,5/9/1974,M ,Married,US Citizen,White,5/12/2014,,N/A-StillEmployed,Active,Sales,Lynn Daneault,21,Website,PIP,1.81,2,1/17/2019,5
"Steans, Tyrone  ",10147,Accountant I,9/1/1986,M ,Single,US Citizen,White,9/29/2014,,N/A-StillEmployed,Active,Admin Offices,Brandon R. LeBlanc,1,Indeed,Fully Meets,3.9,5,1/18/2019,9
"Stoica, Rick",10266,Production Technician I,3/14/1985,M ,Married,US Citizen,Asian,2/17/2014,,N/A-StillEmployed,Active,Production       ,Kelley Spirea,18,LinkedIn,Fully Meets,4.7,3,1/11/2019,4
"Strong, Caitrin",10241,Area Sales Manager,5/12/1989,F,Married,US Citizen,Black or African American,9/27/2010,,N/A-StillEmployed,Active,Sales,John Smith,17,Indeed,Fully Meets,4.1,4,1/31/2019,18
"Sullivan, Kissy ",10158,Production Manager,3/28/1978,F,Married,US Citizen,Black or African American,1/8/2009,,N/A-StillEmployed,Active,Production       ,Janet King,2,Indeed,Fully Meets,3.73,4,1/24/2019,12
"Sullivan, Timothy",10117,Production Technician I,10/7/1982,M ,Married,US Citizen,White,1/5/2015,,N/A-StillEmployed,Active,Production       ,Michael Albert,22,Google Search,Fully Meets,4.36,5,1/24/2019,10
"Sutwell, Barbara",10209,Production Technician I,8/15/1968,F,Single,Eligible NonCitizen,Asian,5/14/2012,,N/A-StillEmployed,Active,Production       ,Elijiah Gray,16,Indeed,Fully Meets,3.4,5,1/31/2019,13
"Szabo, Andrew",10024,Software Engineer,5/6/1983,M ,Single,US Citizen,White,7/7/2014,,N/A-StillEmployed,Active,Software Engineering,Alex Sweetwater,10,LinkedIn,Exceeds,4.5,5,2/18/2019,1
"Tannen, Biff",10173,BI Developer,10/24/1987,M ,Married,US Citizen,White,4/20/2017,,N/A-StillEmployed,Active,IT/IS,Brian Champaigne,13,Indeed,Fully Meets,3.4,3,1/2/2019,14
"Tavares, Desiree  ",10221,Production Technician I,4/3/1975,F,Married,Non-Citizen,Black or African American,4/27/2009,4/1/2013,Another position,Voluntarily Terminated,Production       ,Webster Butler,39,Diversity Job Fair,Fully Meets,4.5,5,2/15/2012,11
"Tejeda, Lenora ",10146,Production Technician II,5/24/1953,F,Married,US Citizen,White,5/16/2011,7/8/2017,Another position,Voluntarily Terminated,Production       ,Elijiah Gray,16,Google Search,Fully Meets,3.93,3,4/18/2017,3
"Terry, Sharlene ",10161,Area Sales Manager,5/7/1965,F,Single,US Citizen,Black or African American,9/29/2014,,N/A-StillEmployed,Active,Sales,Lynn Daneault,21,Indeed,Fully Meets,3.69,3,1/28/2019,18
"Theamstern, Sophia",10141,Production Technician I,5/9/1965,F,Single,US Citizen,White,7/5/2011,9/5/2016,return to school,Voluntarily Terminated,Production       ,Amy Dunn,11,Indeed,Fully Meets,3.98,4,3/2/2016,1
"Thibaud, Kenneth",10268,Production Technician II,9/16/1975,M ,Widowed,US Citizen,White,6/25/2007,8/30/2010,military,Voluntarily Terminated,Production       ,Webster Butler,39,Other,Fully Meets,4.1,4,7/14/2010,15
"Tippett, Jeanette",10123,Production Technician I,6/5/1967,F,Divorced,US Citizen,Black or African American,2/18/2013,,N/A-StillEmployed,Active,Production       ,Brannon Miller,12,Indeed,Fully Meets,4.21,5,1/14/2019,4
"Torrence, Jack",10013,Area Sales Manager,1/15/1968,M ,Separated,US Citizen,White,1/9/2006,,N/A-StillEmployed,Active,Sales,Lynn Daneault,21,Indeed,Exceeds,4.1,3,1/4/2019,6
"Trang, Mei",10287,Production Technician I,5/16/1983,F,Single,US Citizen,White,2/17/2014,,N/A-StillEmployed,Active,Production       ,David Stanley,14,LinkedIn,Needs Improvement,2.44,5,2/11/2019,18
"Tredinnick, Neville ",10044,Network Engineer,5/5/1988,M ,Married,US Citizen,White,1/5/2015,2/12/2016,medical issues,Voluntarily Terminated,IT/IS,Peter Monroe,7,CareerBuilder,Fully Meets,5,3,4/15/2015,11
"True, Edward",10102,Software Engineer,6/14/1983,M ,Single,Non-Citizen,Black or African American,2/18/2013,4/15/2018,medical issues,Voluntarily Terminated,Software Engineering,Alex Sweetwater,10,Diversity Job Fair,Fully Meets,4.6,3,2/12/2017,9
"Trzeciak, Cybil",10270,Production Technician II,3/15/1985,F,Single,US Citizen,White,1/10/2011,7/2/2014,unhappy,Voluntarily Terminated,Production       ,Amy Dunn,11,LinkedIn,Fully Meets,4.4,3,1/5/2014,5
"Turpin, Jumil",10045,Network Engineer,3/31/1969,M ,Married,Eligible NonCitizen,White,3/30/2015,,N/A-StillEmployed,Active,IT/IS,Peter Monroe,7,Employee Referral,Fully Meets,5,4,1/14/2019,8
"Valentin,Jackie",10205,Area Sales Manager,5/23/1991,F,Married,US Citizen,Two or more races,7/5/2011,,N/A-StillEmployed,Active,Sales,John Smith,17,Indeed,Fully Meets,2.81,3,1/17/2019,16
"Veera, Abdellah ",10014,Production Technician I,1/31/1987,M ,Divorced,US Citizen,White,8/13/2012,2/5/2016,maternity leave - did not return,Voluntarily Terminated,Production       ,Kissy Sullivan,20,LinkedIn,Exceeds,4.5,5,2/1/2016,15
"Vega, Vincent",10144,Production Manager,10/10/1968,M ,Divorced,US Citizen,White,8/1/2011,,N/A-StillEmployed,Active,Production       ,Janet King,2,Employee Referral,Fully Meets,3.93,3,2/27/2019,19
"Villanueva, Noah",10253,Area Sales Manager,7/11/1989,M ,Single,US Citizen,Asian,3/5/2012,,N/A-StillEmployed,Active,Sales,John Smith,17,Website,Fully Meets,4.5,4,1/18/2019,11
"Voldemort, Lord",10118,Database Administrator,8/7/1986,M ,Married,US Citizen,Black or African American,2/16/2015,2/22/2017,"no-call, no-show",Terminated for Cause,IT/IS,Simon Roup,4,Employee Referral,Fully Meets,4.33,3,2/15/2017,9
"Volk, Colleen",10022,Production Technician I,6/3/1986,F,Married,US Citizen,White,9/26/2011,2/8/2016,gross misconduct,Terminated for Cause,Production       ,Kelley Spirea,18,Google Search,Exceeds,4.3,5,2/1/2015,18
"Von Massenbach, Anna",10183,Production Technician I,4/6/1985,F,Single,US Citizen,White,7/5/2015,,N/A-StillEmployed,Active,Production       ,Michael Albert,22,LinkedIn,Fully Meets,3.21,3,1/29/2019,7
"Walker, Roger",10190,Production Technician II,2/10/1976,M ,Single,US Citizen,Black or African American,8/18/2014,,N/A-StillEmployed,Active,Production       ,Ketsia Liebig,19,Employee Referral,Fully Meets,3.11,5,2/12/2019,4
"Wallace, Courtney  E",10274,Production Manager,11/14/1955,F,Married,US Citizen,Black or African American,9/26/2011,1/2/2012,Another position,Voluntarily Terminated,Production       ,Janet King,2,Diversity Job Fair,Fully Meets,4.5,3,1/2/2012,5
"Wallace, Theresa",10293,Production Technician I,8/2/1980,F,Single,US Citizen,White,8/13/2012,9/1/2015,career change,Voluntarily Terminated,Production       ,Elijiah Gray,16,CareerBuilder,Needs Improvement,2.5,3,9/5/2014,13
"Wang, Charlie",10172,Senior BI Developer,7/8/1981,M ,Single,US Citizen,Asian,2/15/2017,,N/A-StillEmployed,Active,IT/IS,Brian Champaigne,13,Indeed,Fully Meets,3.42,4,1/4/2019,17
"Warfield, Sarah",10127,Sr. Network Engineer,5/2/1978,F,Widowed,US Citizen,Asian,3/30/2015,,N/A-StillEmployed,Active,IT/IS,Peter Monroe,7,Employee Referral,Fully Meets,4.2,4,2/5/2019,7
"Whittier, Scott",10072,Production Technician I,5/24/1987,M ,Single,US Citizen,White,1/10/2011,5/15/2014,hours,Voluntarily Terminated,Production       ,Webster Butler,39,LinkedIn,Fully Meets,5,5,5/15/2014,11
"Wilber, Barry",10048,Production Technician I,9/9/1965,M ,Married,Eligible NonCitizen,White,5/16/2011,9/7/2015,unhappy,Voluntarily Terminated,Production       ,Amy Dunn,11,Website,Fully Meets,5,3,2/15/2015,7
"Wilkes, Annie",10204,Production Technician I,7/30/1983,F,Divorced,US Citizen,White,1/10/2011,5/14/2012,Another position,Voluntarily Terminated,Production       ,Ketsia Liebig,19,Google Search,Fully Meets,3.6,5,2/6/2011,9
"Williams, Jacquelyn  ",10264,Production Technician I,10/2/1969,F,Single,US Citizen,Black or African American,1/9/2012,6/27/2015,relocation out of area,Voluntarily Terminated,Production       ,Ketsia Liebig,19,Diversity Job Fair,Fully Meets,4.3,4,6/2/2014,16
"Winthrop, Jordan  ",10033,Production Technician II,11/7/1958,M ,Single,US Citizen,White,1/7/2013,2/21/2016,retiring,Voluntarily Terminated,Production       ,Brannon Miller,12,LinkedIn,Exceeds,5,3,1/19/2016,7
"Wolk, Hang  T",10174,Production Technician II,4/20/1985,F,Single,US Citizen,White,9/29/2014,,N/A-StillEmployed,Active,Production       ,David Stanley,14,LinkedIn,Fully Meets,3.4,4,2/21/2019,14
"Woodson, Jason",10135,Production Technician II,5/11/1985,M ,Single,US Citizen,White,7/7/2014,,N/A-StillEmployed,Active,Production       ,Kissy Sullivan,20,LinkedIn,Fully Meets,4.07,4,2/28/2019,13
"Ybarra, Catherine ",10301,Production Technician I,5/4/1982,F,Single,US Citizen,Asian,9/2/2008,9/29/2015,Another position,Voluntarily Terminated,Production       ,Brannon Miller,12,Google Search,PIP,3.2,2,9/2/2015,4
"Zamora, Jennifer",10010,CIO,8/30/1979,F,Single,US Citizen,White,4/10/2010,,N/A-StillEmployed,Active,IT/IS,Janet King,2,Employee Referral,Exceeds,4.6,5,2/21/2019,16
"Zhou, Julia",10043,Data Analyst,2/24/1979,F,Single,US Citizen,White,3/30/2015,,N/A-StillEmployed,Active,IT/IS,Simon Roup,4,Employee Referral,Fully Meets,5,3,2/1/2019,11
"Zima, Colleen",10271,Production Technician I,8/17/1978,F,Widowed,US Citizen,Asian,9/29/2014,,N/A-StillEmployed,Active,Production       ,David Stanley,14,LinkedIn,Fully Meets,4.5,5,1/30/2019,2
