ID;Reason for absence;Month of absence;Column1;Day of the week;Week Groupng; Day naming;Work load Average/day;Hit target;Hit target Grouping;Disciplinary failure;Absenteeism time in hours;Absenteeism time in hour grouping;Service time;Service time grouping;transportation;Column3;Distance from home to work;Distance from home grouping;Age;Age Grouping;Education;Children;Social drinker;Social smoker;Pet;Weight;Height;;;;;;;;;;
1;13;1;January;3;Weekdays;Wednesday;330,061;100;100 and above;0;1;0 - 24;14;19-Oct;235;212 - 242;11;19-May;37;Youths;3;1;0;0;1;88;172;;;;;;;;;;
1;22;3;March;2;Weekdays;Tuesday;244,387;98;90 -99;0;8;0 - 24;14;19-Oct;235;212 - 242;11;19-May;37;Youths;3;1;0;0;1;88;172;;;;;;;;;;
1;21;3;March;5;Weekdays;Friday;244,387;98;90 -99;0;8;0 - 24;14;19-Oct;235;212 - 242;11;19-May;37;Youths;3;1;0;0;1;88;172;;;;;;;;;;
1;7;4;April;6;Weekends;Saturday;326,452;96;90 -99;0;3;0 - 24;14;19-Oct;235;212 - 242;11;19-May;37;Youths;3;1;0;0;1;88;172;;;;;;;;;;
1;22;4;April;6;Weekends;Saturday;246,288;91;90 -99;0;8;0 - 24;14;19-Oct;235;212 - 242;11;19-May;37;Youths;3;1;0;0;1;88;172;;;;;;;;;Service time Grouping;
1;1;5;May;2;Weekdays;Tuesday;246,074;99;90 -99;0;8;0 - 24;14;19-Oct;235;212 - 242;11;19-May;37;Youths;3;1;0;0;1;88;172;;;;;;;;;Column1;Column2
1;22;5;May;2;Weekdays;Tuesday;237,656;99;90 -99;0;8;0 - 24;14;19-Oct;235;212 - 242;11;19-May;37;Youths;3;1;0;0;1;88;172;;;Column1;Column2;;Column1;Column2;;0;0 - 9
1;13;6;June;3;Weekdays;Wednesday;253,957;95;90 -99;0;8;0 - 24;14;19-Oct;235;212 - 242;11;19-May;37;Youths;3;1;0;0;1;88;172;;;Youths;25;;80;80 - 89;;10;19-Oct
1;13;6;June;6;Weekends;Saturday;377,55;94;90 -99;0;16;0 - 24;14;19-Oct;235;212 - 242;11;19-May;37;Youths;3;1;0;0;1;88;172;;;Adults;40;;90;90 -99;;20;20 - 29
1;22;7;July;2;Weekdays;Tuesday;239,554;97;90 -99;0;8;0 - 24;14;19-Oct;235;212 - 242;11;19-May;37;Youths;3;1;0;0;1;88;172;;;Elderly;55;;100;100 and above;;30;30 - 39
1;11;7;July;3;Weekdays;Wednesday;264,604;93;90 -99;0;4;0 - 24;14;19-Oct;235;212 - 242;11;19-May;37;Youths;3;1;0;0;1;88;172;;;;;;Distance from home;;;;
1;23;8;August;3;Weekdays;Wednesday;265,615;94;90 -99;0;1;0 - 24;14;19-Oct;235;212 - 242;11;19-May;37;Youths;3;1;0;0;1;88;172;;;;;;Column1;Column2;;;
1;23;8;August;3;Weekdays;Wednesday;249,797;93;90 -99;0;4;0 - 24;14;19-Oct;235;212 - 242;11;19-May;37;Youths;3;1;0;0;1;88;172;;;Column1;Column2;;5;19-May;;Transport Grouping;
1;26;10;October;2;Weekdays;Tuesday;265,017;88;80 - 89;0;4;0 - 24;14;19-Oct;235;212 - 242;11;19-May;37;Youths;3;1;0;0;1;88;172;;;Weekdays;0;;20;20 -39;;;
1;18;11;November;4;Weekdays;Thursday;284,031;97;90 -99;0;1;0 - 24;14;19-Oct;235;212 - 242;11;19-May;37;Youths;3;1;0;0;1;88;172;;;Weekends;6;;40;40 - 59;;Column1;Column2
1;25;11;November;5;Weekdays;Friday;284,031;97;90 -99;0;2;0 - 24;14;19-Oct;235;212 - 242;11;19-May;37;Youths;3;1;0;0;1;88;172;;;;;;60;60 and Above;;118;118 - 149
1;23;12;December;2;Weekdays;Tuesday;236,629;93;90 -99;0;3;0 - 24;14;19-Oct;235;212 - 242;11;19-May;37;Youths;3;1;0;0;1;88;172;;;;;;;;;150;150 - 180
1;14;12;December;3;Weekdays;Wednesday;236,629;93;90 -99;0;4;0 - 24;14;19-Oct;235;212 - 242;11;19-May;37;Youths;3;1;0;0;1;88;172;;;Column1;Column2;;Absenteesim  grouping;;;181;180 - 211
1;26;12;December;4;Weekdays;Thursday;261,306;97;90 -99;0;8;0 - 24;14;19-Oct;235;212 - 242;11;19-May;37;Youths;3;1;0;0;1;88;172;;;;0;;Column1;Column2;;212;212 - 242
2;0;4;April;2;Weekdays;Tuesday;326,452;96;90 -99;1;0;0 - 24;12;19-Oct;235;212 - 242;29;20 -39;48;Adults;1;1;0;1;5;88;163;;;January;1;;0;0 - 24;;243;243 - 273
2;0;6;June;2;Weekdays;Tuesday;275,089;96;90 -99;1;0;0 - 24;12;19-Oct;235;212 - 242;29;20 -39;48;Adults;1;1;0;1;5;88;163;;;February;2;;25;25 - 49;;274;274 - 304 
2;23;7;July;2;Weekdays;Tuesday;230,29;92;90 -99;0;1;0 - 24;12;19-Oct;235;212 - 242;29;20 -39;48;Adults;1;1;0;1;5;88;163;;;March;3;;50;50 - 74;;305;305 - 335
2;18;8;August;2;Weekdays;Tuesday;205,917;92;90 -99;0;8;0 - 24;12;19-Oct;235;212 - 242;29;20 -39;48;Adults;1;1;0;1;5;88;163;;;April;4;;75;75-99;;;
2;28;8;August;6;Weekends;Saturday;205,917;92;90 -99;0;8;0 - 24;12;19-Oct;235;212 - 242;29;20 -39;48;Adults;1;1;0;1;5;88;163;;;May;5;;100;100 - 124;;;
3;0;6;June;6;Weekends;Saturday;253,957;95;90 -99;1;0;0 - 24;18;19-Oct;179;150 - 180;51;40 - 59;38;Youths;1;0;1;0;0;89;170;;;June;6;;125;125 - 149;;;
3;11;5;May;3;Weekdays;Wednesday;378,884;92;90 -99;0;1;0 - 24;18;19-Oct;179;150 - 180;51;40 - 59;38;Youths;1;0;1;0;0;89;170;;;July;7;;;;;;
3;11;7;July;4;Weekdays;Thursday;239,554;97;90 -99;0;1;0 - 24;18;19-Oct;179;150 - 180;51;40 - 59;38;Youths;1;0;1;0;0;89;170;;;August;8;;;;;;
3;11;8;August;2;Weekdays;Tuesday;205,917;92;90 -99;0;1;0 - 24;18;19-Oct;179;150 - 180;51;40 - 59;38;Youths;1;0;1;0;0;89;170;;;September;9;;;;;;
3;12;5;May;3;Weekdays;Wednesday;378,884;92;90 -99;0;1;0 - 24;18;19-Oct;179;150 - 180;51;40 - 59;38;Youths;1;0;1;0;0;89;170;;;October;10;;;;;;
3;21;11;November;3;Weekdays;Wednesday;268,519;93;90 -99;0;1;0 - 24;18;19-Oct;179;150 - 180;51;40 - 59;38;Youths;1;0;1;0;0;89;170;;;November;11;;;;;;
3;23;9;September;5;Weekdays;Friday;294,217;81;80 - 89;0;1;0 - 24;18;19-Oct;179;150 - 180;51;40 - 59;38;Youths;1;0;1;0;0;89;170;;;December;12;;;;;;
3;23;11;November;5;Weekdays;Friday;306,345;93;90 -99;0;1;0 - 24;18;19-Oct;179;150 - 180;51;40 - 59;38;Youths;1;0;1;0;0;89;170;;;;;;;;;;
3;23;11;November;5;Weekdays;Friday;284,031;97;90 -99;0;1;0 - 24;18;19-Oct;179;150 - 180;51;40 - 59;38;Youths;1;0;1;0;0;89;170;;;;;;;;;;
3;28;1;January;6;Weekends;Saturday;330,061;100;100 and above;0;1;0 - 24;18;19-Oct;179;150 - 180;51;40 - 59;38;Youths;1;0;1;0;0;89;170;;;Column1;Column2;;;;;;
3;28;7;July;3;Weekdays;Wednesday;230,29;92;90 -99;0;1;0 - 24;18;19-Oct;179;150 - 180;51;40 - 59;38;Youths;1;0;1;0;0;89;170;;;Monday;1;;;;;;
3;28;10;October;4;Weekdays;Thursday;265,017;88;80 - 89;0;1;0 - 24;18;19-Oct;179;150 - 180;51;40 - 59;38;Youths;1;0;1;0;0;89;170;;;Tuesday;2;;;;;;
3;28;11;November;3;Weekdays;Wednesday;284,031;97;90 -99;0;1;0 - 24;18;19-Oct;179;150 - 180;51;40 - 59;38;Youths;1;0;1;0;0;89;170;;;Wednesday;3;;;;;;
3;28;11;November;6;Weekends;Saturday;268,519;93;90 -99;0;1;0 - 24;18;19-Oct;179;150 - 180;51;40 - 59;38;Youths;1;0;1;0;0;89;170;;;Thursday;4;;;;;;
3;28;11;November;2;Weekdays;Tuesday;268,519;93;90 -99;0;1;0 - 24;18;19-Oct;179;150 - 180;51;40 - 59;38;Youths;1;0;1;0;0;89;170;;;Friday;5;;;;;;
3;28;12;December;2;Weekdays;Tuesday;236,629;93;90 -99;0;1;0 - 24;18;19-Oct;179;150 - 180;51;40 - 59;38;Youths;1;0;1;0;0;89;170;;;Saturday;6;;;;;;
3;28;12;December;5;Weekdays;Friday;236,629;93;90 -99;0;1;0 - 24;18;19-Oct;179;150 - 180;51;40 - 59;38;Youths;1;0;1;0;0;89;170;;;;;;;;;;
3;28;12;December;6;Weekends;Saturday;236,629;93;90 -99;0;1;0 - 24;18;19-Oct;179;150 - 180;51;40 - 59;38;Youths;1;0;1;0;0;89;170;;;;;;;;;;
3;28;12;December;6;Weekends;Saturday;236,629;93;90 -99;0;1;0 - 24;18;19-Oct;179;150 - 180;51;40 - 59;38;Youths;1;0;1;0;0;89;170;;;;;;;;;;
3;11;6;June;6;Weekends;Saturday;377,55;94;90 -99;0;2;0 - 24;18;19-Oct;179;150 - 180;51;40 - 59;38;Youths;1;0;1;0;0;89;170;;;;;;;;;;
3;23;7;July;4;Weekdays;Thursday;239,554;97;90 -99;0;2;0 - 24;18;19-Oct;179;150 - 180;51;40 - 59;38;Youths;1;0;1;0;0;89;170;;;;;;;;;;
3;23;8;August;6;Weekends;Saturday;205,917;92;90 -99;0;2;0 - 24;18;19-Oct;179;150 - 180;51;40 - 59;38;Youths;1;0;1;0;0;89;170;;;;;;;;;;
3;23;8;August;2;Weekdays;Tuesday;205,917;92;90 -99;0;2;0 - 24;18;19-Oct;179;150 - 180;51;40 - 59;38;Youths;1;0;1;0;0;89;170;;;;;;;;;;
3;27;1;January;6;Weekends;Saturday;313,532;96;90 -99;0;2;0 - 24;18;19-Oct;179;150 - 180;51;40 - 59;38;Youths;1;0;1;0;0;89;170;;;;;;;;;;
3;27;2;February;2;Weekdays;Tuesday;251,818;96;90 -99;0;2;0 - 24;18;19-Oct;179;150 - 180;51;40 - 59;38;Youths;1;0;1;0;0;89;170;;;;;;;;;;
3;27;2;February;4;Weekdays;Thursday;264,249;97;90 -99;0;2;0 - 24;18;19-Oct;179;150 - 180;51;40 - 59;38;Youths;1;0;1;0;0;89;170;;;;;;;;;;
3;27;2;February;5;Weekdays;Friday;264,249;97;90 -99;0;2;0 - 24;18;19-Oct;179;150 - 180;51;40 - 59;38;Youths;1;0;1;0;0;89;170;;;;;;;;;;
3;27;2;February;6;Weekends;Saturday;264,249;97;90 -99;0;2;0 - 24;18;19-Oct;179;150 - 180;51;40 - 59;38;Youths;1;0;1;0;0;89;170;;;;;;;;;;
3;27;2;February;2;Weekdays;Tuesday;264,249;97;90 -99;0;2;0 - 24;18;19-Oct;179;150 - 180;51;40 - 59;38;Youths;1;0;1;0;0;89;170;;;;;;;;;;
3;27;2;February;4;Weekdays;Thursday;264,249;97;90 -99;0;2;0 - 24;18;19-Oct;179;150 - 180;51;40 - 59;38;Youths;1;0;1;0;0;89;170;;;;;;;;;;
3;27;2;February;6;Weekends;Saturday;264,249;97;90 -99;0;2;0 - 24;18;19-Oct;179;150 - 180;51;40 - 59;38;Youths;1;0;1;0;0;89;170;;;;;;;;;;
3;27;2;February;2;Weekdays;Tuesday;264,249;97;90 -99;0;2;0 - 24;18;19-Oct;179;150 - 180;51;40 - 59;38;Youths;1;0;1;0;0;89;170;;;;;;;;;;
3;27;2;February;3;Weekdays;Wednesday;264,249;97;90 -99;0;2;0 - 24;18;19-Oct;179;150 - 180;51;40 - 59;38;Youths;1;0;1;0;0;89;170;;;;;;;;;;
3;27;2;February;4;Weekdays;Thursday;264,249;97;90 -99;0;2;0 - 24;18;19-Oct;179;150 - 180;51;40 - 59;38;Youths;1;0;1;0;0;89;170;;;;;;;;;;
3;27;2;February;5;Weekdays;Friday;264,249;97;90 -99;0;2;0 - 24;18;19-Oct;179;150 - 180;51;40 - 59;38;Youths;1;0;1;0;0;89;170;;;;;;;;;;
3;27;3;March;2;Weekdays;Tuesday;222,196;99;90 -99;0;2;0 - 24;18;19-Oct;179;150 - 180;51;40 - 59;38;Youths;1;0;1;0;0;89;170;;;;;;;;;;
3;27;3;March;4;Weekdays;Thursday;222,196;99;90 -99;0;2;0 - 24;18;19-Oct;179;150 - 180;51;40 - 59;38;Youths;1;0;1;0;0;89;170;;;;;;;;;;
3;27;3;March;4;Weekdays;Thursday;222,196;99;90 -99;0;2;0 - 24;18;19-Oct;179;150 - 180;51;40 - 59;38;Youths;1;0;1;0;0;89;170;;;;;;;;;;
3;27;3;March;3;Weekdays;Wednesday;222,196;99;90 -99;0;2;0 - 24;18;19-Oct;179;150 - 180;51;40 - 59;38;Youths;1;0;1;0;0;89;170;;;;;;;;;;
3;27;3;March;4;Weekdays;Thursday;222,196;99;90 -99;0;2;0 - 24;18;19-Oct;179;150 - 180;51;40 - 59;38;Youths;1;0;1;0;0;89;170;;;;;;;;;;
3;28;3;March;2;Weekdays;Tuesday;244,387;98;90 -99;0;2;0 - 24;18;19-Oct;179;150 - 180;51;40 - 59;38;Youths;1;0;1;0;0;89;170;;;;;;;;;;
3;28;6;June;2;Weekdays;Tuesday;253,957;95;90 -99;0;2;0 - 24;18;19-Oct;179;150 - 180;51;40 - 59;38;Youths;1;0;1;0;0;89;170;;;;;;;;;;
3;28;12;December;2;Weekdays;Tuesday;236,629;93;90 -99;0;2;0 - 24;18;19-Oct;179;150 - 180;51;40 - 59;38;Youths;1;0;1;0;0;89;170;;;;;;;;;;
3;13;3;March;4;Weekdays;Thursday;343,253;95;90 -99;0;3;0 - 24;18;19-Oct;179;150 - 180;51;40 - 59;38;Youths;1;0;1;0;0;89;170;;;;;;;;;;
3;23;2;February;6;Weekends;Saturday;251,818;96;90 -99;0;3;0 - 24;18;19-Oct;179;150 - 180;51;40 - 59;38;Youths;1;0;1;0;0;89;170;;;;;;;;;;
3;23;9;September;3;Weekdays;Wednesday;241,476;92;90 -99;0;3;0 - 24;18;19-Oct;179;150 - 180;51;40 - 59;38;Youths;1;0;1;0;0;89;170;;;;;;;;;;
3;23;9;September;6;Weekends;Saturday;241,476;92;90 -99;0;3;0 - 24;18;19-Oct;179;150 - 180;51;40 - 59;38;Youths;1;0;1;0;0;89;170;;;;;;;;;;
3;23;9;September;6;Weekends;Saturday;294,217;81;80 - 89;0;3;0 - 24;18;19-Oct;179;150 - 180;51;40 - 59;38;Youths;1;0;1;0;0;89;170;;;;;;;;;;
3;23;10;October;3;Weekdays;Wednesday;253,465;93;90 -99;0;3;0 - 24;18;19-Oct;179;150 - 180;51;40 - 59;38;Youths;1;0;1;0;0;89;170;;;;;;;;;;
3;27;1;January;4;Weekdays;Thursday;313,532;96;90 -99;0;3;0 - 24;18;19-Oct;179;150 - 180;51;40 - 59;38;Youths;1;0;1;0;0;89;170;;;;;;;;;;
3;27;1;January;5;Weekdays;Friday;313,532;96;90 -99;0;3;0 - 24;18;19-Oct;179;150 - 180;51;40 - 59;38;Youths;1;0;1;0;0;89;170;;;;;;;;;;
3;27;2;February;4;Weekdays;Thursday;251,818;96;90 -99;0;3;0 - 24;18;19-Oct;179;150 - 180;51;40 - 59;38;Youths;1;0;1;0;0;89;170;;;;;;;;;;
3;27;2;February;4;Weekdays;Thursday;251,818;96;90 -99;0;3;0 - 24;18;19-Oct;179;150 - 180;51;40 - 59;38;Youths;1;0;1;0;0;89;170;;;;;;;;;;
3;27;2;February;6;Weekends;Saturday;251,818;96;90 -99;0;3;0 - 24;18;19-Oct;179;150 - 180;51;40 - 59;38;Youths;1;0;1;0;0;89;170;;;;;;;;;;
3;27;2;February;2;Weekdays;Tuesday;251,818;96;90 -99;0;3;0 - 24;18;19-Oct;179;150 - 180;51;40 - 59;38;Youths;1;0;1;0;0;89;170;;;;;;;;;;
3;27;2;February;4;Weekdays;Thursday;251,818;96;90 -99;0;3;0 - 24;18;19-Oct;179;150 - 180;51;40 - 59;38;Youths;1;0;1;0;0;89;170;;;;;;;;;;
3;27;2;February;6;Weekends;Saturday;251,818;96;90 -99;0;3;0 - 24;18;19-Oct;179;150 - 180;51;40 - 59;38;Youths;1;0;1;0;0;89;170;;;;;;;;;;
3;27;2;February;4;Weekdays;Thursday;251,818;96;90 -99;0;3;0 - 24;18;19-Oct;179;150 - 180;51;40 - 59;38;Youths;1;0;1;0;0;89;170;;;;;;;;;;
3;27;2;February;6;Weekends;Saturday;251,818;96;90 -99;0;3;0 - 24;18;19-Oct;179;150 - 180;51;40 - 59;38;Youths;1;0;1;0;0;89;170;;;;;;;;;;
3;27;2;February;4;Weekdays;Thursday;264,249;97;90 -99;0;3;0 - 24;18;19-Oct;179;150 - 180;51;40 - 59;38;Youths;1;0;1;0;0;89;170;;;;;;;;;;
3;27;2;February;5;Weekdays;Friday;264,249;97;90 -99;0;3;0 - 24;18;19-Oct;179;150 - 180;51;40 - 59;38;Youths;1;0;1;0;0;89;170;;;;;;;;;;
3;27;2;February;6;Weekends;Saturday;264,249;97;90 -99;0;3;0 - 24;18;19-Oct;179;150 - 180;51;40 - 59;38;Youths;1;0;1;0;0;89;170;;;;;;;;;;
3;27;3;March;5;Weekdays;Friday;222,196;99;90 -99;0;3;0 - 24;18;19-Oct;179;150 - 180;51;40 - 59;38;Youths;1;0;1;0;0;89;170;;;;;;;;;;
3;27;3;March;5;Weekdays;Friday;222,196;99;90 -99;0;3;0 - 24;18;19-Oct;179;150 - 180;51;40 - 59;38;Youths;1;0;1;0;0;89;170;;;;;;;;;;
3;27;3;March;2;Weekdays;Tuesday;222,196;99;90 -99;0;3;0 - 24;18;19-Oct;179;150 - 180;51;40 - 59;38;Youths;1;0;1;0;0;89;170;;;;;;;;;;
3;27;3;March;5;Weekdays;Friday;222,196;99;90 -99;0;3;0 - 24;18;19-Oct;179;150 - 180;51;40 - 59;38;Youths;1;0;1;0;0;89;170;;;;;;;;;;
3;27;3;March;6;Weekends;Saturday;222,196;99;90 -99;0;3;0 - 24;18;19-Oct;179;150 - 180;51;40 - 59;38;Youths;1;0;1;0;0;89;170;;;;;;;;;;
3;27;3;March;3;Weekdays;Wednesday;222,196;99;90 -99;0;3;0 - 24;18;19-Oct;179;150 - 180;51;40 - 59;38;Youths;1;0;1;0;0;89;170;;;;;;;;;;
3;27;3;March;4;Weekdays;Thursday;222,196;99;90 -99;0;3;0 - 24;18;19-Oct;179;150 - 180;51;40 - 59;38;Youths;1;0;1;0;0;89;170;;;;;;;;;;
3;27;3;March;5;Weekdays;Friday;222,196;99;90 -99;0;3;0 - 24;18;19-Oct;179;150 - 180;51;40 - 59;38;Youths;1;0;1;0;0;89;170;;;;;;;;;;
3;28;6;June;2;Weekdays;Tuesday;253,957;95;90 -99;0;3;0 - 24;18;19-Oct;179;150 - 180;51;40 - 59;38;Youths;1;0;1;0;0;89;170;;;;;;;;;;
3;28;10;October;4;Weekdays;Thursday;284,853;91;90 -99;0;3;0 - 24;18;19-Oct;179;150 - 180;51;40 - 59;38;Youths;1;0;1;0;0;89;170;;;;;;;;;;
3;28;11;November;5;Weekdays;Friday;284,031;97;90 -99;0;3;0 - 24;18;19-Oct;179;150 - 180;51;40 - 59;38;Youths;1;0;1;0;0;89;170;;;;;;;;;;
3;28;12;December;2;Weekdays;Tuesday;236,629;93;90 -99;0;3;0 - 24;18;19-Oct;179;150 - 180;51;40 - 59;38;Youths;1;0;1;0;0;89;170;;;;;;;;;;
3;10;3;March;2;Weekdays;Tuesday;222,196;99;90 -99;0;4;0 - 24;18;19-Oct;179;150 - 180;51;40 - 59;38;Youths;1;0;1;0;0;89;170;;;;;;;;;;
3;23;9;September;2;Weekdays;Tuesday;261,756;87;80 - 89;0;4;0 - 24;18;19-Oct;179;150 - 180;51;40 - 59;38;Youths;1;0;1;0;0;89;170;;;;;;;;;;
3;25;8;August;5;Weekdays;Friday;249,797;93;90 -99;0;4;0 - 24;18;19-Oct;179;150 - 180;51;40 - 59;38;Youths;1;0;1;0;0;89;170;;;;;;;;;;
3;25;8;August;2;Weekdays;Tuesday;249,797;93;90 -99;0;4;0 - 24;18;19-Oct;179;150 - 180;51;40 - 59;38;Youths;1;0;1;0;0;89;170;;;;;;;;;;
3;28;4;April;4;Weekdays;Thursday;239,409;98;90 -99;0;4;0 - 24;18;19-Oct;179;150 - 180;51;40 - 59;38;Youths;1;0;1;0;0;89;170;;;;;;;;;;
3;28;4;April;2;Weekdays;Tuesday;239,409;98;90 -99;0;4;0 - 24;18;19-Oct;179;150 - 180;51;40 - 59;38;Youths;1;0;1;0;0;89;170;;;;;;;;;;
3;28;5;May;4;Weekdays;Thursday;246,074;99;90 -99;0;4;0 - 24;18;19-Oct;179;150 - 180;51;40 - 59;38;Youths;1;0;1;0;0;89;170;;;;;;;;;;
3;28;6;June;2;Weekdays;Tuesday;253,957;95;90 -99;0;4;0 - 24;18;19-Oct;179;150 - 180;51;40 - 59;38;Youths;1;0;1;0;0;89;170;;;;;;;;;;
3;5;6;June;4;Weekdays;Thursday;253,957;95;90 -99;0;8;0 - 24;18;19-Oct;179;150 - 180;51;40 - 59;38;Youths;1;0;1;0;0;89;170;;;;;;;;;;
3;6;11;November;3;Weekdays;Wednesday;284,031;97;90 -99;0;8;0 - 24;18;19-Oct;179;150 - 180;51;40 - 59;38;Youths;1;0;1;0;0;89;170;;;;;;;;;;
3;10;2;February;5;Weekdays;Friday;251,818;96;90 -99;0;8;0 - 24;18;19-Oct;179;150 - 180;51;40 - 59;38;Youths;1;0;1;0;0;89;170;;;;;;;;;;
3;11;2;February;4;Weekdays;Thursday;302,585;99;90 -99;0;8;0 - 24;18;19-Oct;179;150 - 180;51;40 - 59;38;Youths;1;0;1;0;0;89;170;;;;;;;;;;
3;11;6;June;2;Weekdays;Tuesday;377,55;94;90 -99;0;8;0 - 24;18;19-Oct;179;150 - 180;51;40 - 59;38;Youths;1;0;1;0;0;89;170;;;;;;;;;;
3;11;9;September;2;Weekdays;Tuesday;294,217;81;80 - 89;0;8;0 - 24;18;19-Oct;179;150 - 180;51;40 - 59;38;Youths;1;0;1;0;0;89;170;;;;;;;;;;
3;13;2;February;3;Weekdays;Wednesday;264,249;97;90 -99;0;8;0 - 24;18;19-Oct;179;150 - 180;51;40 - 59;38;Youths;1;0;1;0;0;89;170;;;;;;;;;;
3;13;2;February;5;Weekdays;Friday;264,249;97;90 -99;0;8;0 - 24;18;19-Oct;179;150 - 180;51;40 - 59;38;Youths;1;0;1;0;0;89;170;;;;;;;;;;
3;13;3;March;3;Weekdays;Wednesday;222,196;99;90 -99;0;8;0 - 24;18;19-Oct;179;150 - 180;51;40 - 59;38;Youths;1;0;1;0;0;89;170;;;;;;;;;;
3;13;9;September;4;Weekdays;Thursday;294,217;81;80 - 89;0;8;0 - 24;18;19-Oct;179;150 - 180;51;40 - 59;38;Youths;1;0;1;0;0;89;170;;;;;;;;;;
3;13;9;September;2;Weekdays;Tuesday;294,217;81;80 - 89;0;8;0 - 24;18;19-Oct;179;150 - 180;51;40 - 59;38;Youths;1;0;1;0;0;89;170;;;;;;;;;;
3;18;5;May;3;Weekdays;Wednesday;378,884;92;90 -99;0;8;0 - 24;18;19-Oct;179;150 - 180;51;40 - 59;38;Youths;1;0;1;0;0;89;170;;;;;;;;;;
3;18;8;August;2;Weekdays;Tuesday;205,917;92;90 -99;0;8;0 - 24;18;19-Oct;179;150 - 180;51;40 - 59;38;Youths;1;0;1;0;0;89;170;;;;;;;;;;
3;21;7;July;2;Weekdays;Tuesday;239,554;97;90 -99;0;8;0 - 24;18;19-Oct;179;150 - 180;51;40 - 59;38;Youths;1;0;1;0;0;89;170;;;;;;;;;;
3;23;10;October;4;Weekdays;Thursday;253,465;93;90 -99;0;8;0 - 24;18;19-Oct;179;150 - 180;51;40 - 59;38;Youths;1;0;1;0;0;89;170;;;;;;;;;;
3;26;7;July;5;Weekdays;Friday;275,312;98;90 -99;0;8;0 - 24;18;19-Oct;179;150 - 180;51;40 - 59;38;Youths;1;0;1;0;0;89;170;;;;;;;;;;
3;28;3;March;6;Weekends;Saturday;244,387;98;90 -99;0;8;0 - 24;18;19-Oct;179;150 - 180;51;40 - 59;38;Youths;1;0;1;0;0;89;170;;;;;;;;;;
3;28;4;April;4;Weekdays;Thursday;239,409;98;90 -99;0;8;0 - 24;18;19-Oct;179;150 - 180;51;40 - 59;38;Youths;1;0;1;0;0;89;170;;;;;;;;;;
3;28;3;March;2;Weekdays;Tuesday;244,387;98;90 -99;0;16;0 - 24;18;19-Oct;179;150 - 180;51;40 - 59;38;Youths;1;0;1;0;0;89;170;;;;;;;;;;
3;13;3;March;3;Weekdays;Wednesday;343,253;95;90 -99;0;24;0 - 24;18;19-Oct;179;150 - 180;51;40 - 59;38;Youths;1;0;1;0;0;89;170;;;;;;;;;;
3;13;4;April;4;Weekdays;Thursday;326,452;96;90 -99;0;24;0 - 24;18;19-Oct;179;150 - 180;51;40 - 59;38;Youths;1;0;1;0;0;89;170;;;;;;;;;;
3;28;6;June;2;Weekdays;Tuesday;253,957;95;90 -99;0;24;0 - 24;18;19-Oct;179;150 - 180;51;40 - 59;38;Youths;1;0;1;0;0;89;170;;;;;;;;;;
4;0;0;0;3;Weekdays;Wednesday;271,219;95;90 -99;0;0;0 - 24;13;19-Oct;118;118 - 149;14;19-May;40;Adults;1;1;1;0;8;98;170;;;;;;;;;;
5;0;9;September;5;Weekdays;Friday;294,217;81;80 - 89;1;0;0 - 24;13;19-Oct;235;212 - 242;20;20 -39;43;Adults;1;1;1;0;0;106;167;;;;;;;;;;
5;0;10;October;4;Weekdays;Thursday;265,017;88;80 - 89;1;0;0 - 24;13;19-Oct;235;212 - 242;20;20 -39;43;Adults;1;1;1;0;0;106;167;;;;;;;;;;
5;0;10;October;6;Weekends;Saturday;265,017;88;80 - 89;1;0;0 - 24;13;19-Oct;235;212 - 242;20;20 -39;43;Adults;1;1;1;0;0;106;167;;;;;;;;;;
5;23;10;October;2;Weekdays;Tuesday;265,017;88;80 - 89;0;2;0 - 24;13;19-Oct;235;212 - 242;20;20 -39;43;Adults;1;1;1;0;0;106;167;;;;;;;;;;
5;23;10;October;2;Weekdays;Tuesday;265,017;88;80 - 89;0;2;0 - 24;13;19-Oct;235;212 - 242;20;20 -39;43;Adults;1;1;1;0;0;106;167;;;;;;;;;;
5;26;7;July;4;Weekdays;Thursday;264,604;93;90 -99;0;4;0 - 24;13;19-Oct;235;212 - 242;20;20 -39;43;Adults;1;1;1;0;0;106;167;;;;;;;;;;
5;13;12;December;3;Weekdays;Wednesday;236,629;93;90 -99;0;8;0 - 24;13;19-Oct;235;212 - 242;20;20 -39;43;Adults;1;1;1;0;0;106;167;;;;;;;;;;
5;19;9;September;3;Weekdays;Wednesday;241,476;92;90 -99;0;8;0 - 24;13;19-Oct;235;212 - 242;20;20 -39;43;Adults;1;1;1;0;0;106;167;;;;;;;;;;
5;26;1;January;2;Weekdays;Tuesday;330,061;100;100 and above;0;8;0 - 24;13;19-Oct;235;212 - 242;20;20 -39;43;Adults;1;1;1;0;0;106;167;;;;;;;;;;
5;26;5;May;4;Weekdays;Thursday;237,656;99;90 -99;0;8;0 - 24;13;19-Oct;235;212 - 242;20;20 -39;43;Adults;1;1;1;0;0;106;167;;;;;;;;;;
5;26;6;June;3;Weekdays;Wednesday;253,957;95;90 -99;0;8;0 - 24;13;19-Oct;235;212 - 242;20;20 -39;43;Adults;1;1;1;0;0;106;167;;;;;;;;;;
5;26;7;July;2;Weekdays;Tuesday;230,29;92;90 -99;0;8;0 - 24;13;19-Oct;235;212 - 242;20;20 -39;43;Adults;1;1;1;0;0;106;167;;;;;;;;;;
5;26;8;August;3;Weekdays;Wednesday;249,797;93;90 -99;0;8;0 - 24;13;19-Oct;235;212 - 242;20;20 -39;43;Adults;1;1;1;0;0;106;167;;;;;;;;;;
5;26;9;September;4;Weekdays;Thursday;294,217;81;80 - 89;0;8;0 - 24;13;19-Oct;235;212 - 242;20;20 -39;43;Adults;1;1;1;0;0;106;167;;;;;;;;;;
5;26;11;November;2;Weekdays;Tuesday;284,031;97;90 -99;0;8;0 - 24;13;19-Oct;235;212 - 242;20;20 -39;43;Adults;1;1;1;0;0;106;167;;;;;;;;;;
5;26;12;December;6;Weekends;Saturday;280,549;98;90 -99;0;8;0 - 24;13;19-Oct;235;212 - 242;20;20 -39;43;Adults;1;1;1;0;0;106;167;;;;;;;;;;
5;13;5;May;2;Weekdays;Tuesday;246,074;99;90 -99;0;16;0 - 24;13;19-Oct;235;212 - 242;20;20 -39;43;Adults;1;1;1;0;0;106;167;;;;;;;;;;
6;11;7;July;5;Weekdays;Friday;239,554;97;90 -99;0;8;0 - 24;13;19-Oct;189;180 - 211;29;20 -39;33;Youths;1;2;0;0;2;69;167;;;;;;;;;;
6;13;4;April;5;Weekdays;Friday;246,288;91;90 -99;0;8;0 - 24;13;19-Oct;189;180 - 211;29;20 -39;33;Youths;1;2;0;0;2;69;167;;;;;;;;;;
6;19;2;February;5;Weekdays;Friday;302,585;99;90 -99;0;8;0 - 24;13;19-Oct;189;180 - 211;29;20 -39;33;Youths;1;2;0;0;2;69;167;;;;;;;;;;
6;22;11;November;2;Weekdays;Tuesday;306,345;93;90 -99;0;8;0 - 24;13;19-Oct;189;180 - 211;29;20 -39;33;Youths;1;2;0;0;2;69;167;;;;;;;;;;
6;23;2;February;5;Weekdays;Friday;302,585;99;90 -99;0;8;0 - 24;13;19-Oct;189;180 - 211;29;20 -39;33;Youths;1;2;0;0;2;69;167;;;;;;;;;;
6;23;10;October;2;Weekdays;Tuesday;284,853;91;90 -99;0;8;0 - 24;13;19-Oct;189;180 - 211;29;20 -39;33;Youths;1;2;0;0;2;69;167;;;;;;;;;;
6;22;7;July;3;Weekdays;Wednesday;264,604;93;90 -99;0;16;0 - 24;13;19-Oct;189;180 - 211;29;20 -39;33;Youths;1;2;0;0;2;69;167;;;;;;;;;;
7;0;5;May;4;Weekdays;Thursday;378,884;92;90 -99;1;0;0 - 24;14;19-Oct;279;274 - 304 ;5;19-May;39;Youths;1;2;1;1;0;68;168;;;;;;;;;;
7;23;7;July;5;Weekdays;Friday;230,29;92;90 -99;0;2;0 - 24;14;19-Oct;279;274 - 304 ;5;19-May;39;Youths;1;2;1;1;0;68;168;;;;;;;;;;
7;7;7;July;5;Weekdays;Friday;239,554;97;90 -99;0;4;0 - 24;14;19-Oct;279;274 - 304 ;5;19-May;39;Youths;1;2;1;1;0;68;168;;;;;;;;;;
7;14;3;March;2;Weekdays;Tuesday;343,253;95;90 -99;0;8;0 - 24;14;19-Oct;279;274 - 304 ;5;19-May;39;Youths;1;2;1;1;0;68;168;;;;;;;;;;
7;14;3;March;5;Weekdays;Friday;343,253;95;90 -99;0;16;0 - 24;14;19-Oct;279;274 - 304 ;5;19-May;39;Youths;1;2;1;1;0;68;168;;;;;;;;;;
7;0;11;November;3;Weekdays;Wednesday;284,031;97;90 -99;1;120;100 - 124;14;19-Oct;279;274 - 304 ;5;19-May;39;Youths;1;2;1;1;0;68;168;;;;;;;;;;
8;0;0;0;4;Weekdays;Thursday;271,219;95;90 -99;0;0;0 - 24;14;19-Oct;231;212 - 242;35;20 -39;39;Youths;1;2;1;0;2;100;170;;;;;;;;;;
8;0;9;September;3;Weekdays;Wednesday;294,217;81;80 - 89;1;0;0 - 24;14;19-Oct;231;212 - 242;35;20 -39;39;Youths;1;2;1;0;2;100;170;;;;;;;;;;
9;1;10;October;4;Weekdays;Thursday;284,853;91;90 -99;0;1;0 - 24;16;19-Oct;228;212 - 242;14;19-May;58;Elderly;1;2;0;0;1;65;172;;;;;;;;;;
9;25;3;March;4;Weekdays;Thursday;222,196;99;90 -99;0;2;0 - 24;16;19-Oct;228;212 - 242;14;19-May;58;Elderly;1;2;0;0;1;65;172;;;;;;;;;;
9;25;3;March;3;Weekdays;Wednesday;222,196;99;90 -99;0;3;0 - 24;16;19-Oct;228;212 - 242;14;19-May;58;Elderly;1;2;0;0;1;65;172;;;;;;;;;;
9;6;7;July;2;Weekdays;Tuesday;264,604;93;90 -99;0;8;0 - 24;16;19-Oct;228;212 - 242;14;19-May;58;Elderly;1;2;0;0;1;65;172;;;;;;;;;;
9;18;5;May;4;Weekdays;Thursday;246,074;99;90 -99;0;8;0 - 24;16;19-Oct;228;212 - 242;14;19-May;58;Elderly;1;2;0;0;1;65;172;;;;;;;;;;
9;18;8;August;3;Weekdays;Wednesday;265,615;94;90 -99;0;8;0 - 24;16;19-Oct;228;212 - 242;14;19-May;58;Elderly;1;2;0;0;1;65;172;;;;;;;;;;
9;12;3;March;3;Weekdays;Wednesday;222,196;99;90 -99;0;112;100 - 124;16;19-Oct;228;212 - 242;14;19-May;58;Elderly;1;2;0;0;1;65;172;;;;;;;;;;
9;6;7;July;3;Weekdays;Wednesday;264,604;93;90 -99;0;120;100 - 124;16;19-Oct;228;212 - 242;14;19-May;58;Elderly;1;2;0;0;1;65;172;;;;;;;;;;
10;23;5;May;5;Weekdays;Friday;246,074;99;90 -99;0;1;0 - 24;3;0 - 9;361;305 - 335;52;40 - 59;28;Youths;1;1;1;0;4;80;172;;;;;;;;;;
10;23;8;August;2;Weekdays;Tuesday;205,917;92;90 -99;0;1;0 - 24;3;0 - 9;361;305 - 335;52;40 - 59;28;Youths;1;1;1;0;4;80;172;;;;;;;;;;
10;23;4;April;3;Weekdays;Wednesday;246,288;91;90 -99;0;2;0 - 24;3;0 - 9;361;305 - 335;52;40 - 59;28;Youths;1;1;1;0;4;80;172;;;;;;;;;;
10;28;11;November;2;Weekdays;Tuesday;268,519;93;90 -99;0;2;0 - 24;3;0 - 9;361;305 - 335;52;40 - 59;28;Youths;1;1;1;0;4;80;172;;;;;;;;;;
10;14;12;December;5;Weekdays;Friday;280,549;98;90 -99;0;4;0 - 24;3;0 - 9;361;305 - 335;52;40 - 59;28;Youths;1;1;1;0;4;80;172;;;;;;;;;;
10;25;8;August;2;Weekdays;Tuesday;205,917;92;90 -99;0;7;0 - 24;3;0 - 9;361;305 - 335;52;40 - 59;28;Youths;1;1;1;0;4;80;172;;;;;;;;;;
10;7;5;May;2;Weekdays;Tuesday;237,656;99;90 -99;0;8;0 - 24;3;0 - 9;361;305 - 335;52;40 - 59;28;Youths;1;1;1;0;4;80;172;;;;;;;;;;
10;10;10;October;2;Weekdays;Tuesday;265,017;88;80 - 89;0;8;0 - 24;3;0 - 9;361;305 - 335;52;40 - 59;28;Youths;1;1;1;0;4;80;172;;;;;;;;;;
10;19;3;March;2;Weekdays;Tuesday;222,196;99;90 -99;0;8;0 - 24;3;0 - 9;361;305 - 335;52;40 - 59;28;Youths;1;1;1;0;4;80;172;;;;;;;;;;
10;19;4;April;3;Weekdays;Wednesday;246,288;91;90 -99;0;8;0 - 24;3;0 - 9;361;305 - 335;52;40 - 59;28;Youths;1;1;1;0;4;80;172;;;;;;;;;;
10;22;6;June;2;Weekdays;Tuesday;377,55;94;90 -99;0;8;0 - 24;3;0 - 9;361;305 - 335;52;40 - 59;28;Youths;1;1;1;0;4;80;172;;;;;;;;;;
10;22;7;July;3;Weekdays;Wednesday;275,312;98;90 -99;0;8;0 - 24;3;0 - 9;361;305 - 335;52;40 - 59;28;Youths;1;1;1;0;4;80;172;;;;;;;;;;
10;22;7;July;6;Weekends;Saturday;230,29;92;90 -99;0;8;0 - 24;3;0 - 9;361;305 - 335;52;40 - 59;28;Youths;1;1;1;0;4;80;172;;;;;;;;;;
10;22;7;July;4;Weekdays;Thursday;264,604;93;90 -99;0;8;0 - 24;3;0 - 9;361;305 - 335;52;40 - 59;28;Youths;1;1;1;0;4;80;172;;;;;;;;;;
10;22;9;September;3;Weekdays;Wednesday;261,756;87;80 - 89;0;8;0 - 24;3;0 - 9;361;305 - 335;52;40 - 59;28;Youths;1;1;1;0;4;80;172;;;;;;;;;;
10;22;11;November;3;Weekdays;Wednesday;268,519;93;90 -99;0;8;0 - 24;3;0 - 9;361;305 - 335;52;40 - 59;28;Youths;1;1;1;0;4;80;172;;;;;;;;;;
10;13;8;August;2;Weekdays;Tuesday;205,917;92;90 -99;0;40;25 - 49;3;0 - 9;361;305 - 335;52;40 - 59;28;Youths;1;1;1;0;4;80;172;;;;;;;;;;
11;0;9;September;3;Weekdays;Wednesday;241,476;92;90 -99;1;0;0 - 24;13;19-Oct;289;274 - 304 ;36;20 -39;33;Youths;1;2;1;0;1;90;172;;;;;;;;;;
11;0;11;November;4;Weekdays;Thursday;268,519;93;90 -99;1;0;0 - 24;13;19-Oct;289;274 - 304 ;36;20 -39;33;Youths;1;2;1;0;1;90;172;;;;;;;;;;
11;23;8;August;3;Weekdays;Wednesday;205,917;92;90 -99;0;1;0 - 24;13;19-Oct;289;274 - 304 ;36;20 -39;33;Youths;1;2;1;0;1;90;172;;;;;;;;;;
11;23;8;August;2;Weekdays;Tuesday;265,615;94;90 -99;0;1;0 - 24;13;19-Oct;289;274 - 304 ;36;20 -39;33;Youths;1;2;1;0;1;90;172;;;;;;;;;;
11;23;7;July;5;Weekdays;Friday;239,554;97;90 -99;0;2;0 - 24;13;19-Oct;289;274 - 304 ;36;20 -39;33;Youths;1;2;1;0;1;90;172;;;;;;;;;;
11;22;1;January;5;Weekdays;Friday;308,593;95;90 -99;0;3;0 - 24;13;19-Oct;289;274 - 304 ;36;20 -39;33;Youths;1;2;1;0;1;90;172;;;;;;;;;;
11;22;2;February;6;Weekends;Saturday;251,818;96;90 -99;0;3;0 - 24;13;19-Oct;289;274 - 304 ;36;20 -39;33;Youths;1;2;1;0;1;90;172;;;;;;;;;;
11;23;8;August;3;Weekdays;Wednesday;265,615;94;90 -99;0;4;0 - 24;13;19-Oct;289;274 - 304 ;36;20 -39;33;Youths;1;2;1;0;1;90;172;;;;;;;;;;
11;26;7;July;3;Weekdays;Wednesday;239,554;97;90 -99;0;4;0 - 24;13;19-Oct;289;274 - 304 ;36;20 -39;33;Youths;1;2;1;0;1;90;172;;;;;;;;;;
11;6;3;March;5;Weekdays;Friday;343,253;95;90 -99;0;8;0 - 24;13;19-Oct;289;274 - 304 ;36;20 -39;33;Youths;1;2;1;0;1;90;172;;;;;;;;;;
11;13;1;January;4;Weekdays;Thursday;313,532;96;90 -99;0;8;0 - 24;13;19-Oct;289;274 - 304 ;36;20 -39;33;Youths;1;2;1;0;1;90;172;;;;;;;;;;
11;13;5;May;4;Weekdays;Thursday;378,884;92;90 -99;0;8;0 - 24;13;19-Oct;289;274 - 304 ;36;20 -39;33;Youths;1;2;1;0;1;90;172;;;;;;;;;;
11;14;7;July;3;Weekdays;Wednesday;264,604;93;90 -99;0;8;0 - 24;13;19-Oct;289;274 - 304 ;36;20 -39;33;Youths;1;2;1;0;1;90;172;;;;;;;;;;
11;18;1;January;3;Weekdays;Wednesday;308,593;95;90 -99;0;8;0 - 24;13;19-Oct;289;274 - 304 ;36;20 -39;33;Youths;1;2;1;0;1;90;172;;;;;;;;;;
11;18;8;August;4;Weekdays;Thursday;205,917;92;90 -99;0;8;0 - 24;13;19-Oct;289;274 - 304 ;36;20 -39;33;Youths;1;2;1;0;1;90;172;;;;;;;;;;
11;19;4;April;3;Weekdays;Wednesday;326,452;96;90 -99;0;8;0 - 24;13;19-Oct;289;274 - 304 ;36;20 -39;33;Youths;1;2;1;0;1;90;172;;;;;;;;;;
11;19;7;July;5;Weekdays;Friday;275,312;98;90 -99;0;8;0 - 24;13;19-Oct;289;274 - 304 ;36;20 -39;33;Youths;1;2;1;0;1;90;172;;;;;;;;;;
11;19;8;August;6;Weekends;Saturday;265,615;94;90 -99;0;8;0 - 24;13;19-Oct;289;274 - 304 ;36;20 -39;33;Youths;1;2;1;0;1;90;172;;;;;;;;;;
11;19;12;December;2;Weekdays;Tuesday;236,629;93;90 -99;0;8;0 - 24;13;19-Oct;289;274 - 304 ;36;20 -39;33;Youths;1;2;1;0;1;90;172;;;;;;;;;;
11;22;2;February;6;Weekends;Saturday;302,585;99;90 -99;0;8;0 - 24;13;19-Oct;289;274 - 304 ;36;20 -39;33;Youths;1;2;1;0;1;90;172;;;;;;;;;;
11;22;3;March;6;Weekends;Saturday;244,387;98;90 -99;0;8;0 - 24;13;19-Oct;289;274 - 304 ;36;20 -39;33;Youths;1;2;1;0;1;90;172;;;;;;;;;;
11;22;7;July;2;Weekdays;Tuesday;230,29;92;90 -99;0;8;0 - 24;13;19-Oct;289;274 - 304 ;36;20 -39;33;Youths;1;2;1;0;1;90;172;;;;;;;;;;
11;22;10;October;6;Weekends;Saturday;265,017;88;80 - 89;0;8;0 - 24;13;19-Oct;289;274 - 304 ;36;20 -39;33;Youths;1;2;1;0;1;90;172;;;;;;;;;;
11;23;3;March;4;Weekdays;Thursday;222,196;99;90 -99;0;8;0 - 24;13;19-Oct;289;274 - 304 ;36;20 -39;33;Youths;1;2;1;0;1;90;172;;;;;;;;;;
11;24;8;August;3;Weekdays;Wednesday;205,917;92;90 -99;0;8;0 - 24;13;19-Oct;289;274 - 304 ;36;20 -39;33;Youths;1;2;1;0;1;90;172;;;;;;;;;;
11;24;10;October;2;Weekdays;Tuesday;265,017;88;80 - 89;0;8;0 - 24;13;19-Oct;289;274 - 304 ;36;20 -39;33;Youths;1;2;1;0;1;90;172;;;;;;;;;;
11;24;11;November;4;Weekdays;Thursday;268,519;93;90 -99;0;8;0 - 24;13;19-Oct;289;274 - 304 ;36;20 -39;33;Youths;1;2;1;0;1;90;172;;;;;;;;;;
11;26;1;January;2;Weekdays;Tuesday;330,061;100;100 and above;0;8;0 - 24;13;19-Oct;289;274 - 304 ;36;20 -39;33;Youths;1;2;1;0;1;90;172;;;;;;;;;;
11;26;7;July;4;Weekdays;Thursday;275,312;98;90 -99;0;8;0 - 24;13;19-Oct;289;274 - 304 ;36;20 -39;33;Youths;1;2;1;0;1;90;172;;;;;;;;;;
11;26;8;August;3;Weekdays;Wednesday;249,797;93;90 -99;0;8;0 - 24;13;19-Oct;289;274 - 304 ;36;20 -39;33;Youths;1;2;1;0;1;90;172;;;;;;;;;;
11;26;10;October;2;Weekdays;Tuesday;265,017;88;80 - 89;0;8;0 - 24;13;19-Oct;289;274 - 304 ;36;20 -39;33;Youths;1;2;1;0;1;90;172;;;;;;;;;;
11;13;4;April;5;Weekdays;Friday;326,452;96;90 -99;0;16;0 - 24;13;19-Oct;289;274 - 304 ;36;20 -39;33;Youths;1;2;1;0;1;90;172;;;;;;;;;;
11;19;10;October;5;Weekdays;Friday;265,017;88;80 - 89;0;16;0 - 24;13;19-Oct;289;274 - 304 ;36;20 -39;33;Youths;1;2;1;0;1;90;172;;;;;;;;;;
11;7;11;November;4;Weekdays;Thursday;306,345;93;90 -99;0;24;0 - 24;13;19-Oct;289;274 - 304 ;36;20 -39;33;Youths;1;2;1;0;1;90;172;;;;;;;;;;
11;13;5;May;4;Weekdays;Thursday;378,884;92;90 -99;0;24;0 - 24;13;19-Oct;289;274 - 304 ;36;20 -39;33;Youths;1;2;1;0;1;90;172;;;;;;;;;;
11;19;7;July;2;Weekdays;Tuesday;275,312;98;90 -99;0;32;25 - 49;13;19-Oct;289;274 - 304 ;36;20 -39;33;Youths;1;2;1;0;1;90;172;;;;;;;;;;
11;19;3;March;2;Weekdays;Tuesday;222,196;99;90 -99;0;104;100 - 124;13;19-Oct;289;274 - 304 ;36;20 -39;33;Youths;1;2;1;0;1;90;172;;;;;;;;;;
12;19;2;February;2;Weekdays;Tuesday;264,249;97;90 -99;0;2;0 - 24;1;0 - 9;233;212 - 242;51;40 - 59;31;Youths;2;1;1;0;8;68;178;;;;;;;;;;
12;19;7;July;6;Weekends;Saturday;264,604;93;90 -99;0;2;0 - 24;1;0 - 9;233;212 - 242;51;40 - 59;31;Youths;2;1;1;0;8;68;178;;;;;;;;;;
12;12;2;February;4;Weekdays;Thursday;264,249;97;90 -99;0;3;0 - 24;1;0 - 9;233;212 - 242;51;40 - 59;31;Youths;2;1;1;0;8;68;178;;;;;;;;;;
12;22;6;June;4;Weekdays;Thursday;275,089;96;90 -99;0;3;0 - 24;1;0 - 9;233;212 - 242;51;40 - 59;31;Youths;2;1;1;0;8;68;178;;;;;;;;;;
12;18;12;December;2;Weekdays;Tuesday;280,549;98;90 -99;0;8;0 - 24;1;0 - 9;233;212 - 242;51;40 - 59;31;Youths;2;1;1;0;8;68;178;;;;;;;;;;
12;19;6;June;6;Weekends;Saturday;275,089;96;90 -99;0;8;0 - 24;1;0 - 9;233;212 - 242;51;40 - 59;31;Youths;2;1;1;0;8;68;178;;;;;;;;;;
12;22;6;June;5;Weekdays;Friday;275,089;96;90 -99;0;8;0 - 24;1;0 - 9;233;212 - 242;51;40 - 59;31;Youths;2;1;1;0;8;68;178;;;;;;;;;;
13;0;3;March;4;Weekdays;Thursday;244,387;98;90 -99;1;0;0 - 24;12;19-Oct;369;305 - 335;17;19-May;31;Youths;1;3;1;0;0;70;169;;;;;;;;;;
13;22;4;April;2;Weekdays;Tuesday;239,409;98;90 -99;0;4;0 - 24;12;19-Oct;369;305 - 335;17;19-May;31;Youths;1;3;1;0;0;70;169;;;;;;;;;;
13;10;5;May;2;Weekdays;Tuesday;246,074;99;90 -99;0;8;0 - 24;12;19-Oct;369;305 - 335;17;19-May;31;Youths;1;3;1;0;0;70;169;;;;;;;;;;
13;10;10;October;5;Weekdays;Friday;284,853;91;90 -99;0;8;0 - 24;12;19-Oct;369;305 - 335;17;19-May;31;Youths;1;3;1;0;0;70;169;;;;;;;;;;
13;10;10;October;6;Weekends;Saturday;284,853;91;90 -99;0;8;0 - 24;12;19-Oct;369;305 - 335;17;19-May;31;Youths;1;3;1;0;0;70;169;;;;;;;;;;
13;22;3;March;4;Weekdays;Thursday;222,196;99;90 -99;0;8;0 - 24;12;19-Oct;369;305 - 335;17;19-May;31;Youths;1;3;1;0;0;70;169;;;;;;;;;;
13;22;10;October;2;Weekdays;Tuesday;265,017;88;80 - 89;0;8;0 - 24;12;19-Oct;369;305 - 335;17;19-May;31;Youths;1;3;1;0;0;70;169;;;;;;;;;;
13;23;10;October;3;Weekdays;Wednesday;284,853;91;90 -99;0;8;0 - 24;12;19-Oct;369;305 - 335;17;19-May;31;Youths;1;3;1;0;0;70;169;;;;;;;;;;
13;26;10;October;3;Weekdays;Wednesday;284,853;91;90 -99;0;8;0 - 24;12;19-Oct;369;305 - 335;17;19-May;31;Youths;1;3;1;0;0;70;169;;;;;;;;;;
13;7;4;April;2;Weekdays;Tuesday;246,288;91;90 -99;0;24;0 - 24;12;19-Oct;369;305 - 335;17;19-May;31;Youths;1;3;1;0;0;70;169;;;;;;;;;;
13;13;7;July;2;Weekdays;Tuesday;264,604;93;90 -99;0;80;75-99;12;19-Oct;369;305 - 335;17;19-May;31;Youths;1;3;1;0;0;70;169;;;;;;;;;;
14;23;4;April;5;Weekdays;Friday;326,452;96;90 -99;0;1;0 - 24;14;19-Oct;155;150 - 180;12;19-May;34;Youths;1;2;1;0;0;95;196;;;;;;;;;;
14;28;4;April;3;Weekdays;Wednesday;326,452;96;90 -99;0;1;0 - 24;14;19-Oct;155;150 - 180;12;19-May;34;Youths;1;2;1;0;0;95;196;;;;;;;;;;
14;28;5;May;2;Weekdays;Tuesday;378,884;92;90 -99;0;1;0 - 24;14;19-Oct;155;150 - 180;12;19-May;34;Youths;1;2;1;0;0;95;196;;;;;;;;;;
14;23;1;January;2;Weekdays;Tuesday;330,061;100;100 and above;0;2;0 - 24;14;19-Oct;155;150 - 180;12;19-May;34;Youths;1;2;1;0;0;95;196;;;;;;;;;;
14;23;5;May;4;Weekdays;Thursday;237,656;99;90 -99;0;2;0 - 24;14;19-Oct;155;150 - 180;12;19-May;34;Youths;1;2;1;0;0;95;196;;;;;;;;;;
14;23;9;September;4;Weekdays;Thursday;241,476;92;90 -99;0;2;0 - 24;14;19-Oct;155;150 - 180;12;19-May;34;Youths;1;2;1;0;0;95;196;;;;;;;;;;
14;23;9;September;3;Weekdays;Wednesday;261,756;87;80 - 89;0;2;0 - 24;14;19-Oct;155;150 - 180;12;19-May;34;Youths;1;2;1;0;0;95;196;;;;;;;;;;
14;25;7;July;6;Weekends;Saturday;275,312;98;90 -99;0;2;0 - 24;14;19-Oct;155;150 - 180;12;19-May;34;Youths;1;2;1;0;0;95;196;;;;;;;;;;
14;28;2;February;5;Weekdays;Friday;302,585;99;90 -99;0;2;0 - 24;14;19-Oct;155;150 - 180;12;19-May;34;Youths;1;2;1;0;0;95;196;;;;;;;;;;
14;28;5;May;5;Weekdays;Friday;378,884;92;90 -99;0;2;0 - 24;14;19-Oct;155;150 - 180;12;19-May;34;Youths;1;2;1;0;0;95;196;;;;;;;;;;
14;28;5;May;2;Weekdays;Tuesday;378,884;92;90 -99;0;2;0 - 24;14;19-Oct;155;150 - 180;12;19-May;34;Youths;1;2;1;0;0;95;196;;;;;;;;;;
14;23;1;January;3;Weekdays;Wednesday;330,061;100;100 and above;0;4;0 - 24;14;19-Oct;155;150 - 180;12;19-May;34;Youths;1;2;1;0;0;95;196;;;;;;;;;;
14;23;6;June;2;Weekdays;Tuesday;377,55;94;90 -99;0;4;0 - 24;14;19-Oct;155;150 - 180;12;19-May;34;Youths;1;2;1;0;0;95;196;;;;;;;;;;
14;28;4;April;3;Weekdays;Wednesday;246,288;91;90 -99;0;4;0 - 24;14;19-Oct;155;150 - 180;12;19-May;34;Youths;1;2;1;0;0;95;196;;;;;;;;;;
14;25;2;February;2;Weekdays;Tuesday;264,249;97;90 -99;0;5;0 - 24;14;19-Oct;155;150 - 180;12;19-May;34;Youths;1;2;1;0;0;95;196;;;;;;;;;;
14;10;5;May;6;Weekends;Saturday;237,656;99;90 -99;0;8;0 - 24;14;19-Oct;155;150 - 180;12;19-May;34;Youths;1;2;1;0;0;95;196;;;;;;;;;;
14;13;3;March;3;Weekdays;Wednesday;343,253;95;90 -99;0;8;0 - 24;14;19-Oct;155;150 - 180;12;19-May;34;Youths;1;2;1;0;0;95;196;;;;;;;;;;
14;18;1;January;3;Weekdays;Wednesday;313,532;96;90 -99;0;8;0 - 24;14;19-Oct;155;150 - 180;12;19-May;34;Youths;1;2;1;0;0;95;196;;;;;;;;;;
14;1;3;March;2;Weekdays;Tuesday;343,253;95;90 -99;0;16;0 - 24;14;19-Oct;155;150 - 180;12;19-May;34;Youths;1;2;1;0;0;95;196;;;;;;;;;;
14;19;7;July;3;Weekdays;Wednesday;275,312;98;90 -99;0;16;0 - 24;14;19-Oct;155;150 - 180;12;19-May;34;Youths;1;2;1;0;0;95;196;;;;;;;;;;
14;12;4;April;4;Weekdays;Thursday;326,452;96;90 -99;0;24;0 - 24;14;19-Oct;155;150 - 180;12;19-May;34;Youths;1;2;1;0;0;95;196;;;;;;;;;;
14;13;3;March;4;Weekdays;Thursday;222,196;99;90 -99;0;24;0 - 24;14;19-Oct;155;150 - 180;12;19-May;34;Youths;1;2;1;0;0;95;196;;;;;;;;;;
14;19;7;July;2;Weekdays;Tuesday;239,554;97;90 -99;0;40;25 - 49;14;19-Oct;155;150 - 180;12;19-May;34;Youths;1;2;1;0;0;95;196;;;;;;;;;;
14;10;5;May;2;Weekdays;Tuesday;237,656;99;90 -99;0;48;25 - 49;14;19-Oct;155;150 - 180;12;19-May;34;Youths;1;2;1;0;0;95;196;;;;;;;;;;
14;18;12;December;3;Weekdays;Wednesday;280,549;98;90 -99;0;80;75-99;14;19-Oct;155;150 - 180;12;19-May;34;Youths;1;2;1;0;0;95;196;;;;;;;;;;
15;0;10;October;3;Weekdays;Wednesday;265,017;88;80 - 89;1;0;0 - 24;12;19-Oct;291;274 - 304 ;31;20 -39;40;Adults;1;1;1;0;1;73;171;;;;;;;;;;
15;0;11;November;3;Weekdays;Wednesday;268,519;93;90 -99;1;0;0 - 24;12;19-Oct;291;274 - 304 ;31;20 -39;40;Adults;1;1;1;0;1;73;171;;;;;;;;;;
15;23;10;October;6;Weekends;Saturday;284,853;91;90 -99;0;1;0 - 24;12;19-Oct;291;274 - 304 ;31;20 -39;40;Adults;1;1;1;0;1;73;171;;;;;;;;;;
15;23;10;October;4;Weekdays;Thursday;284,853;91;90 -99;0;1;0 - 24;12;19-Oct;291;274 - 304 ;31;20 -39;40;Adults;1;1;1;0;1;73;171;;;;;;;;;;
15;23;11;November;2;Weekdays;Tuesday;284,031;97;90 -99;0;1;0 - 24;12;19-Oct;291;274 - 304 ;31;20 -39;40;Adults;1;1;1;0;1;73;171;;;;;;;;;;
15;28;4;April;4;Weekdays;Thursday;326,452;96;90 -99;0;1;0 - 24;12;19-Oct;291;274 - 304 ;31;20 -39;40;Adults;1;1;1;0;1;73;171;;;;;;;;;;
15;28;4;April;6;Weekends;Saturday;326,452;96;90 -99;0;1;0 - 24;12;19-Oct;291;274 - 304 ;31;20 -39;40;Adults;1;1;1;0;1;73;171;;;;;;;;;;
15;28;7;July;5;Weekdays;Friday;230,29;92;90 -99;0;1;0 - 24;12;19-Oct;291;274 - 304 ;31;20 -39;40;Adults;1;1;1;0;1;73;171;;;;;;;;;;
15;28;12;December;4;Weekdays;Thursday;280,549;98;90 -99;0;1;0 - 24;12;19-Oct;291;274 - 304 ;31;20 -39;40;Adults;1;1;1;0;1;73;171;;;;;;;;;;
15;23;2;February;3;Weekdays;Wednesday;251,818;96;90 -99;0;2;0 - 24;12;19-Oct;291;274 - 304 ;31;20 -39;40;Adults;1;1;1;0;1;73;171;;;;;;;;;;
15;28;5;May;5;Weekdays;Friday;237,656;99;90 -99;0;2;0 - 24;12;19-Oct;291;274 - 304 ;31;20 -39;40;Adults;1;1;1;0;1;73;171;;;;;;;;;;
15;28;5;May;5;Weekdays;Friday;237,656;99;90 -99;0;2;0 - 24;12;19-Oct;291;274 - 304 ;31;20 -39;40;Adults;1;1;1;0;1;73;171;;;;;;;;;;
15;28;6;June;5;Weekdays;Friday;275,089;96;90 -99;0;2;0 - 24;12;19-Oct;291;274 - 304 ;31;20 -39;40;Adults;1;1;1;0;1;73;171;;;;;;;;;;
15;28;8;August;5;Weekdays;Friday;249,797;93;90 -99;0;2;0 - 24;12;19-Oct;291;274 - 304 ;31;20 -39;40;Adults;1;1;1;0;1;73;171;;;;;;;;;;
15;28;9;September;5;Weekdays;Friday;261,756;87;80 - 89;0;2;0 - 24;12;19-Oct;291;274 - 304 ;31;20 -39;40;Adults;1;1;1;0;1;73;171;;;;;;;;;;
15;28;10;October;4;Weekdays;Thursday;284,853;91;90 -99;0;2;0 - 24;12;19-Oct;291;274 - 304 ;31;20 -39;40;Adults;1;1;1;0;1;73;171;;;;;;;;;;
15;28;11;November;4;Weekdays;Thursday;268,519;93;90 -99;0;2;0 - 24;12;19-Oct;291;274 - 304 ;31;20 -39;40;Adults;1;1;1;0;1;73;171;;;;;;;;;;
15;23;4;April;6;Weekends;Saturday;326,452;96;90 -99;0;3;0 - 24;12;19-Oct;291;274 - 304 ;31;20 -39;40;Adults;1;1;1;0;1;73;171;;;;;;;;;;
15;23;11;November;5;Weekdays;Friday;306,345;93;90 -99;0;3;0 - 24;12;19-Oct;291;274 - 304 ;31;20 -39;40;Adults;1;1;1;0;1;73;171;;;;;;;;;;
15;28;9;September;6;Weekends;Saturday;294,217;81;80 - 89;0;3;0 - 24;12;19-Oct;291;274 - 304 ;31;20 -39;40;Adults;1;1;1;0;1;73;171;;;;;;;;;;
15;12;11;November;6;Weekends;Saturday;284,031;97;90 -99;0;4;0 - 24;12;19-Oct;291;274 - 304 ;31;20 -39;40;Adults;1;1;1;0;1;73;171;;;;;;;;;;
15;23;6;June;5;Weekdays;Friday;377,55;94;90 -99;0;4;0 - 24;12;19-Oct;291;274 - 304 ;31;20 -39;40;Adults;1;1;1;0;1;73;171;;;;;;;;;;
15;23;9;September;5;Weekdays;Friday;241,476;92;90 -99;0;4;0 - 24;12;19-Oct;291;274 - 304 ;31;20 -39;40;Adults;1;1;1;0;1;73;171;;;;;;;;;;
15;28;8;August;5;Weekdays;Friday;249,797;93;90 -99;0;4;0 - 24;12;19-Oct;291;274 - 304 ;31;20 -39;40;Adults;1;1;1;0;1;73;171;;;;;;;;;;
15;28;9;September;6;Weekends;Saturday;294,217;81;80 - 89;0;4;0 - 24;12;19-Oct;291;274 - 304 ;31;20 -39;40;Adults;1;1;1;0;1;73;171;;;;;;;;;;
15;28;10;October;3;Weekdays;Wednesday;265,017;88;80 - 89;0;4;0 - 24;12;19-Oct;291;274 - 304 ;31;20 -39;40;Adults;1;1;1;0;1;73;171;;;;;;;;;;
15;23;10;October;5;Weekdays;Friday;253,465;93;90 -99;0;5;0 - 24;12;19-Oct;291;274 - 304 ;31;20 -39;40;Adults;1;1;1;0;1;73;171;;;;;;;;;;
15;3;1;January;4;Weekdays;Thursday;330,061;100;100 and above;0;8;0 - 24;12;19-Oct;291;274 - 304 ;31;20 -39;40;Adults;1;1;1;0;1;73;171;;;;;;;;;;
15;14;10;October;3;Weekdays;Wednesday;253,465;93;90 -99;0;8;0 - 24;12;19-Oct;291;274 - 304 ;31;20 -39;40;Adults;1;1;1;0;1;73;171;;;;;;;;;;
15;22;5;May;4;Weekdays;Thursday;237,656;99;90 -99;0;8;0 - 24;12;19-Oct;291;274 - 304 ;31;20 -39;40;Adults;1;1;1;0;1;73;171;;;;;;;;;;
15;7;9;September;2;Weekdays;Tuesday;294,217;81;80 - 89;0;40;25 - 49;12;19-Oct;291;274 - 304 ;31;20 -39;40;Adults;1;1;1;0;1;73;171;;;;;;;;;;
15;13;6;June;2;Weekdays;Tuesday;253,957;95;90 -99;0;40;25 - 49;12;19-Oct;291;274 - 304 ;31;20 -39;40;Adults;1;1;1;0;1;73;171;;;;;;;;;;
15;14;11;November;2;Weekdays;Tuesday;306,345;93;90 -99;0;40;25 - 49;12;19-Oct;291;274 - 304 ;31;20 -39;40;Adults;1;1;1;0;1;73;171;;;;;;;;;;
16;7;6;June;4;Weekdays;Thursday;275,089;96;90 -99;0;8;0 - 24;24;20 - 29;118;118 - 149;15;19-May;46;Adults;1;2;1;1;0;75;175;;;;;;;;;;
16;23;3;March;4;Weekdays;Thursday;222,196;99;90 -99;0;8;0 - 24;24;20 - 29;118;118 - 149;15;19-May;46;Adults;1;2;1;1;0;75;175;;;;;;;;;;
17;16;5;May;6;Weekends;Saturday;237,656;99;90 -99;0;1;0 - 24;17;19-Oct;179;150 - 180;22;20 -39;40;Adults;2;2;0;1;0;63;170;;;;;;;;;;
17;25;8;August;2;Weekdays;Tuesday;249,797;93;90 -99;0;1;0 - 24;17;19-Oct;179;150 - 180;22;20 -39;40;Adults;2;2;0;1;0;63;170;;;;;;;;;;
17;11;5;May;2;Weekdays;Tuesday;246,074;99;90 -99;0;2;0 - 24;17;19-Oct;179;150 - 180;22;20 -39;40;Adults;2;2;0;1;0;63;170;;;;;;;;;;
17;16;4;April;3;Weekdays;Wednesday;246,288;91;90 -99;0;2;0 - 24;17;19-Oct;179;150 - 180;22;20 -39;40;Adults;2;2;0;1;0;63;170;;;;;;;;;;
17;18;12;December;6;Weekends;Saturday;280,549;98;90 -99;0;2;0 - 24;17;19-Oct;179;150 - 180;22;20 -39;40;Adults;2;2;0;1;0;63;170;;;;;;;;;;
17;23;2;February;6;Weekends;Saturday;264,249;97;90 -99;0;2;0 - 24;17;19-Oct;179;150 - 180;22;20 -39;40;Adults;2;2;0;1;0;63;170;;;;;;;;;;
17;25;1;January;5;Weekdays;Friday;313,532;96;90 -99;0;2;0 - 24;17;19-Oct;179;150 - 180;22;20 -39;40;Adults;2;2;0;1;0;63;170;;;;;;;;;;
17;25;1;January;6;Weekends;Saturday;313,532;96;90 -99;0;2;0 - 24;17;19-Oct;179;150 - 180;22;20 -39;40;Adults;2;2;0;1;0;63;170;;;;;;;;;;
17;25;1;January;4;Weekdays;Thursday;313,532;96;90 -99;0;2;0 - 24;17;19-Oct;179;150 - 180;22;20 -39;40;Adults;2;2;0;1;0;63;170;;;;;;;;;;
17;8;5;May;2;Weekdays;Tuesday;246,074;99;90 -99;0;3;0 - 24;17;19-Oct;179;150 - 180;22;20 -39;40;Adults;2;2;0;1;0;63;170;;;;;;;;;;
17;18;1;January;6;Weekends;Saturday;313,532;96;90 -99;0;3;0 - 24;17;19-Oct;179;150 - 180;22;20 -39;40;Adults;2;2;0;1;0;63;170;;;;;;;;;;
17;8;3;March;5;Weekdays;Friday;343,253;95;90 -99;0;8;0 - 24;17;19-Oct;179;150 - 180;22;20 -39;40;Adults;2;2;0;1;0;63;170;;;;;;;;;;
17;10;5;May;4;Weekdays;Thursday;237,656;99;90 -99;0;8;0 - 24;17;19-Oct;179;150 - 180;22;20 -39;40;Adults;2;2;0;1;0;63;170;;;;;;;;;;
17;21;11;November;5;Weekdays;Friday;306,345;93;90 -99;0;8;0 - 24;17;19-Oct;179;150 - 180;22;20 -39;40;Adults;2;2;0;1;0;63;170;;;;;;;;;;
17;22;3;March;3;Weekdays;Wednesday;244,387;98;90 -99;0;8;0 - 24;17;19-Oct;179;150 - 180;22;20 -39;40;Adults;2;2;0;1;0;63;170;;;;;;;;;;
17;25;5;May;6;Weekends;Saturday;237,656;99;90 -99;0;8;0 - 24;17;19-Oct;179;150 - 180;22;20 -39;40;Adults;2;2;0;1;0;63;170;;;;;;;;;;
17;25;8;August;3;Weekdays;Wednesday;249,797;93;90 -99;0;8;0 - 24;17;19-Oct;179;150 - 180;22;20 -39;40;Adults;2;2;0;1;0;63;170;;;;;;;;;;
17;11;3;March;2;Weekdays;Tuesday;343,253;95;90 -99;0;40;25 - 49;17;19-Oct;179;150 - 180;22;20 -39;40;Adults;2;2;0;1;0;63;170;;;;;;;;;;
18;0;5;May;4;Weekdays;Thursday;378,884;92;90 -99;1;0;0 - 24;4;0 - 9;330;305 - 335;16;19-May;28;Youths;2;0;0;0;0;84;182;;;;;;;;;;
18;0;11;November;3;Weekdays;Wednesday;284,031;97;90 -99;1;0;0 - 24;4;0 - 9;330;305 - 335;16;19-May;28;Youths;2;0;0;0;0;84;182;;;;;;;;;;
18;11;6;June;3;Weekdays;Wednesday;253,957;95;90 -99;0;1;0 - 24;4;0 - 9;330;305 - 335;16;19-May;28;Youths;2;0;0;0;0;84;182;;;;;;;;;;
18;26;4;April;6;Weekends;Saturday;239,409;98;90 -99;0;4;0 - 24;4;0 - 9;330;305 - 335;16;19-May;28;Youths;2;0;0;0;0;84;182;;;;;;;;;;
18;1;7;July;2;Weekdays;Tuesday;275,312;98;90 -99;0;8;0 - 24;4;0 - 9;330;305 - 335;16;19-May;28;Youths;2;0;0;0;0;84;182;;;;;;;;;;
18;1;7;July;3;Weekdays;Wednesday;275,312;98;90 -99;0;8;0 - 24;4;0 - 9;330;305 - 335;16;19-May;28;Youths;2;0;0;0;0;84;182;;;;;;;;;;
18;10;5;May;5;Weekdays;Friday;237,656;99;90 -99;0;8;0 - 24;4;0 - 9;330;305 - 335;16;19-May;28;Youths;2;0;0;0;0;84;182;;;;;;;;;;
18;13;5;May;6;Weekends;Saturday;246,074;99;90 -99;0;8;0 - 24;4;0 - 9;330;305 - 335;16;19-May;28;Youths;2;0;0;0;0;84;182;;;;;;;;;;
18;18;2;February;2;Weekdays;Tuesday;302,585;99;90 -99;0;8;0 - 24;4;0 - 9;330;305 - 335;16;19-May;28;Youths;2;0;0;0;0;84;182;;;;;;;;;;
18;23;4;April;4;Weekdays;Thursday;239,409;98;90 -99;0;8;0 - 24;4;0 - 9;330;305 - 335;16;19-May;28;Youths;2;0;0;0;0;84;182;;;;;;;;;;
18;25;7;July;6;Weekends;Saturday;230,29;92;90 -99;0;8;0 - 24;4;0 - 9;330;305 - 335;16;19-May;28;Youths;2;0;0;0;0;84;182;;;;;;;;;;
18;26;7;July;3;Weekdays;Wednesday;275,312;98;90 -99;0;8;0 - 24;4;0 - 9;330;305 - 335;16;19-May;28;Youths;2;0;0;0;0;84;182;;;;;;;;;;
18;23;8;August;5;Weekdays;Friday;249,797;93;90 -99;0;16;0 - 24;4;0 - 9;330;305 - 335;16;19-May;28;Youths;2;0;0;0;0;84;182;;;;;;;;;;
18;2;11;November;4;Weekdays;Thursday;268,519;93;90 -99;0;24;0 - 24;4;0 - 9;330;305 - 335;16;19-May;28;Youths;2;0;0;0;0;84;182;;;;;;;;;;
19;0;9;September;3;Weekdays;Wednesday;294,217;81;80 - 89;1;0;0 - 24;12;19-Oct;291;274 - 304 ;50;40 - 59;32;Youths;1;0;1;0;0;65;169;;;;;;;;;;
19;28;3;March;3;Weekdays;Wednesday;343,253;95;90 -99;0;2;0 - 24;12;19-Oct;291;274 - 304 ;50;40 - 59;32;Youths;1;0;1;0;0;65;169;;;;;;;;;;
20;0;7;July;5;Weekdays;Friday;275,312;98;90 -99;1;0;0 - 24;11;19-Oct;260;243 - 273;50;40 - 59;36;Youths;1;4;1;0;0;65;168;;;;;;;;;;
20;0;10;October;3;Weekdays;Wednesday;265,017;88;80 - 89;1;0;0 - 24;11;19-Oct;260;243 - 273;50;40 - 59;36;Youths;1;4;1;0;0;65;168;;;;;;;;;;
20;28;2;February;6;Weekends;Saturday;302,585;99;90 -99;0;2;0 - 24;11;19-Oct;260;243 - 273;50;40 - 59;36;Youths;1;4;1;0;0;65;168;;;;;;;;;;
20;28;4;April;6;Weekends;Saturday;239,409;98;90 -99;0;3;0 - 24;11;19-Oct;260;243 - 273;50;40 - 59;36;Youths;1;4;1;0;0;65;168;;;;;;;;;;
20;28;5;May;6;Weekends;Saturday;246,074;99;90 -99;0;3;0 - 24;11;19-Oct;260;243 - 273;50;40 - 59;36;Youths;1;4;1;0;0;65;168;;;;;;;;;;
20;28;8;August;2;Weekdays;Tuesday;249,797;93;90 -99;0;3;0 - 24;11;19-Oct;260;243 - 273;50;40 - 59;36;Youths;1;4;1;0;0;65;168;;;;;;;;;;
20;28;11;November;6;Weekends;Saturday;284,031;97;90 -99;0;3;0 - 24;11;19-Oct;260;243 - 273;50;40 - 59;36;Youths;1;4;1;0;0;65;168;;;;;;;;;;
20;23;7;July;6;Weekends;Saturday;239,554;97;90 -99;0;4;0 - 24;11;19-Oct;260;243 - 273;50;40 - 59;36;Youths;1;4;1;0;0;65;168;;;;;;;;;;
20;23;8;August;6;Weekends;Saturday;205,917;92;90 -99;0;4;0 - 24;11;19-Oct;260;243 - 273;50;40 - 59;36;Youths;1;4;1;0;0;65;168;;;;;;;;;;
20;23;9;September;6;Weekends;Saturday;241,476;92;90 -99;0;4;0 - 24;11;19-Oct;260;243 - 273;50;40 - 59;36;Youths;1;4;1;0;0;65;168;;;;;;;;;;
20;26;7;July;2;Weekdays;Tuesday;230,29;92;90 -99;0;4;0 - 24;11;19-Oct;260;243 - 273;50;40 - 59;36;Youths;1;4;1;0;0;65;168;;;;;;;;;;
20;28;3;March;6;Weekends;Saturday;343,253;95;90 -99;0;4;0 - 24;11;19-Oct;260;243 - 273;50;40 - 59;36;Youths;1;4;1;0;0;65;168;;;;;;;;;;
20;28;3;March;6;Weekends;Saturday;244,387;98;90 -99;0;4;0 - 24;11;19-Oct;260;243 - 273;50;40 - 59;36;Youths;1;4;1;0;0;65;168;;;;;;;;;;
20;28;4;April;6;Weekends;Saturday;326,452;96;90 -99;0;4;0 - 24;11;19-Oct;260;243 - 273;50;40 - 59;36;Youths;1;4;1;0;0;65;168;;;;;;;;;;
20;28;4;April;6;Weekends;Saturday;239,409;98;90 -99;0;4;0 - 24;11;19-Oct;260;243 - 273;50;40 - 59;36;Youths;1;4;1;0;0;65;168;;;;;;;;;;
20;28;6;June;6;Weekends;Saturday;253,957;95;90 -99;0;4;0 - 24;11;19-Oct;260;243 - 273;50;40 - 59;36;Youths;1;4;1;0;0;65;168;;;;;;;;;;
20;28;8;August;6;Weekends;Saturday;205,917;92;90 -99;0;4;0 - 24;11;19-Oct;260;243 - 273;50;40 - 59;36;Youths;1;4;1;0;0;65;168;;;;;;;;;;
20;28;8;August;6;Weekends;Saturday;265,615;94;90 -99;0;4;0 - 24;11;19-Oct;260;243 - 273;50;40 - 59;36;Youths;1;4;1;0;0;65;168;;;;;;;;;;
20;28;9;September;6;Weekends;Saturday;294,217;81;80 - 89;0;4;0 - 24;11;19-Oct;260;243 - 273;50;40 - 59;36;Youths;1;4;1;0;0;65;168;;;;;;;;;;
20;28;12;December;6;Weekends;Saturday;236,629;93;90 -99;0;4;0 - 24;11;19-Oct;260;243 - 273;50;40 - 59;36;Youths;1;4;1;0;0;65;168;;;;;;;;;;
20;1;7;July;2;Weekdays;Tuesday;239,554;97;90 -99;0;8;0 - 24;11;19-Oct;260;243 - 273;50;40 - 59;36;Youths;1;4;1;0;0;65;168;;;;;;;;;;
20;1;7;July;3;Weekdays;Wednesday;239,554;97;90 -99;0;8;0 - 24;11;19-Oct;260;243 - 273;50;40 - 59;36;Youths;1;4;1;0;0;65;168;;;;;;;;;;
20;10;11;November;4;Weekdays;Thursday;284,031;97;90 -99;0;8;0 - 24;11;19-Oct;260;243 - 273;50;40 - 59;36;Youths;1;4;1;0;0;65;168;;;;;;;;;;
20;11;7;July;4;Weekdays;Thursday;239,554;97;90 -99;0;8;0 - 24;11;19-Oct;260;243 - 273;50;40 - 59;36;Youths;1;4;1;0;0;65;168;;;;;;;;;;
20;13;7;July;6;Weekends;Saturday;230,29;92;90 -99;0;8;0 - 24;11;19-Oct;260;243 - 273;50;40 - 59;36;Youths;1;4;1;0;0;65;168;;;;;;;;;;
20;15;11;November;6;Weekends;Saturday;284,031;97;90 -99;0;8;0 - 24;11;19-Oct;260;243 - 273;50;40 - 59;36;Youths;1;4;1;0;0;65;168;;;;;;;;;;
20;19;3;March;3;Weekdays;Wednesday;343,253;95;90 -99;0;8;0 - 24;11;19-Oct;260;243 - 273;50;40 - 59;36;Youths;1;4;1;0;0;65;168;;;;;;;;;;
20;19;3;March;2;Weekdays;Tuesday;244,387;98;90 -99;0;8;0 - 24;11;19-Oct;260;243 - 273;50;40 - 59;36;Youths;1;4;1;0;0;65;168;;;;;;;;;;
20;26;12;December;6;Weekends;Saturday;261,306;97;90 -99;0;8;0 - 24;11;19-Oct;260;243 - 273;50;40 - 59;36;Youths;1;4;1;0;0;65;168;;;;;;;;;;
20;26;12;December;4;Weekdays;Thursday;236,629;93;90 -99;0;8;0 - 24;11;19-Oct;260;243 - 273;50;40 - 59;36;Youths;1;4;1;0;0;65;168;;;;;;;;;;
20;26;3;March;2;Weekdays;Tuesday;343,253;95;90 -99;0;16;0 - 24;11;19-Oct;260;243 - 273;50;40 - 59;36;Youths;1;4;1;0;0;65;168;;;;;;;;;;
20;13;3;March;6;Weekends;Saturday;343,253;95;90 -99;0;40;25 - 49;11;19-Oct;260;243 - 273;50;40 - 59;36;Youths;1;4;1;0;0;65;168;;;;;;;;;;
20;19;4;April;6;Weekends;Saturday;326,452;96;90 -99;0;56;50 - 74;11;19-Oct;260;243 - 273;50;40 - 59;36;Youths;1;4;1;0;0;65;168;;;;;;;;;;
21;0;6;June;2;Weekdays;Tuesday;275,089;96;90 -99;1;0;0 - 24;8;0 - 9;268;243 - 273;11;19-May;33;Youths;2;0;0;0;0;79;178;;;;;;;;;;
21;7;7;July;2;Weekdays;Tuesday;230,29;92;90 -99;0;8;0 - 24;8;0 - 9;268;243 - 273;11;19-May;33;Youths;2;0;0;0;0;79;178;;;;;;;;;;
21;11;8;August;5;Weekdays;Friday;265,615;94;90 -99;0;8;0 - 24;8;0 - 9;268;243 - 273;11;19-May;33;Youths;2;0;0;0;0;79;178;;;;;;;;;;
22;13;3;March;2;Weekdays;Tuesday;343,253;95;90 -99;0;1;0 - 24;9;0 - 9;179;150 - 180;26;20 -39;30;Youths;3;0;0;0;0;56;171;;;;;;;;;;
22;13;5;May;5;Weekdays;Friday;237,656;99;90 -99;0;1;0 - 24;9;0 - 9;179;150 - 180;26;20 -39;30;Youths;3;0;0;0;0;56;171;;;;;;;;;;
22;13;12;December;6;Weekends;Saturday;280,549;98;90 -99;0;1;0 - 24;9;0 - 9;179;150 - 180;26;20 -39;30;Youths;3;0;0;0;0;56;171;;;;;;;;;;
22;23;2;February;3;Weekdays;Wednesday;302,585;99;90 -99;0;1;0 - 24;9;0 - 9;179;150 - 180;26;20 -39;30;Youths;3;0;0;0;0;56;171;;;;;;;;;;
22;23;8;August;5;Weekdays;Friday;265,615;94;90 -99;0;1;0 - 24;9;0 - 9;179;150 - 180;26;20 -39;30;Youths;3;0;0;0;0;56;171;;;;;;;;;;
22;23;12;December;3;Weekdays;Wednesday;236,629;93;90 -99;0;1;0 - 24;9;0 - 9;179;150 - 180;26;20 -39;30;Youths;3;0;0;0;0;56;171;;;;;;;;;;
22;13;2;February;5;Weekdays;Friday;264,249;97;90 -99;0;2;0 - 24;9;0 - 9;179;150 - 180;26;20 -39;30;Youths;3;0;0;0;0;56;171;;;;;;;;;;
22;13;3;March;2;Weekdays;Tuesday;222,196;99;90 -99;0;2;0 - 24;9;0 - 9;179;150 - 180;26;20 -39;30;Youths;3;0;0;0;0;56;171;;;;;;;;;;
22;13;6;June;5;Weekdays;Friday;275,089;96;90 -99;0;2;0 - 24;9;0 - 9;179;150 - 180;26;20 -39;30;Youths;3;0;0;0;0;56;171;;;;;;;;;;
22;21;6;June;4;Weekdays;Thursday;253,957;95;90 -99;0;2;0 - 24;9;0 - 9;179;150 - 180;26;20 -39;30;Youths;3;0;0;0;0;56;171;;;;;;;;;;
22;23;3;March;6;Weekends;Saturday;222,196;99;90 -99;0;2;0 - 24;9;0 - 9;179;150 - 180;26;20 -39;30;Youths;3;0;0;0;0;56;171;;;;;;;;;;
22;23;7;July;5;Weekdays;Friday;230,29;92;90 -99;0;2;0 - 24;9;0 - 9;179;150 - 180;26;20 -39;30;Youths;3;0;0;0;0;56;171;;;;;;;;;;
22;25;5;May;2;Weekdays;Tuesday;246,074;99;90 -99;0;2;0 - 24;9;0 - 9;179;150 - 180;26;20 -39;30;Youths;3;0;0;0;0;56;171;;;;;;;;;;
22;27;1;January;2;Weekdays;Tuesday;313,532;96;90 -99;0;2;0 - 24;9;0 - 9;179;150 - 180;26;20 -39;30;Youths;3;0;0;0;0;56;171;;;;;;;;;;
22;27;1;January;4;Weekdays;Thursday;313,532;96;90 -99;0;2;0 - 24;9;0 - 9;179;150 - 180;26;20 -39;30;Youths;3;0;0;0;0;56;171;;;;;;;;;;
22;27;2;February;5;Weekdays;Friday;264,249;97;90 -99;0;2;0 - 24;9;0 - 9;179;150 - 180;26;20 -39;30;Youths;3;0;0;0;0;56;171;;;;;;;;;;
22;27;2;February;4;Weekdays;Thursday;264,249;97;90 -99;0;2;0 - 24;9;0 - 9;179;150 - 180;26;20 -39;30;Youths;3;0;0;0;0;56;171;;;;;;;;;;
22;27;3;March;6;Weekends;Saturday;222,196;99;90 -99;0;2;0 - 24;9;0 - 9;179;150 - 180;26;20 -39;30;Youths;3;0;0;0;0;56;171;;;;;;;;;;
22;27;4;April;6;Weekends;Saturday;246,288;91;90 -99;0;2;0 - 24;9;0 - 9;179;150 - 180;26;20 -39;30;Youths;3;0;0;0;0;56;171;;;;;;;;;;
22;27;4;April;6;Weekends;Saturday;246,288;91;90 -99;0;2;0 - 24;9;0 - 9;179;150 - 180;26;20 -39;30;Youths;3;0;0;0;0;56;171;;;;;;;;;;
22;27;4;April;6;Weekends;Saturday;246,288;91;90 -99;0;2;0 - 24;9;0 - 9;179;150 - 180;26;20 -39;30;Youths;3;0;0;0;0;56;171;;;;;;;;;;
22;27;4;April;6;Weekends;Saturday;246,288;91;90 -99;0;2;0 - 24;9;0 - 9;179;150 - 180;26;20 -39;30;Youths;3;0;0;0;0;56;171;;;;;;;;;;
22;27;5;May;6;Weekends;Saturday;237,656;99;90 -99;0;2;0 - 24;9;0 - 9;179;150 - 180;26;20 -39;30;Youths;3;0;0;0;0;56;171;;;;;;;;;;
22;27;5;May;4;Weekdays;Thursday;237,656;99;90 -99;0;2;0 - 24;9;0 - 9;179;150 - 180;26;20 -39;30;Youths;3;0;0;0;0;56;171;;;;;;;;;;
22;27;5;May;6;Weekends;Saturday;237,656;99;90 -99;0;2;0 - 24;9;0 - 9;179;150 - 180;26;20 -39;30;Youths;3;0;0;0;0;56;171;;;;;;;;;;
22;27;6;June;6;Weekends;Saturday;275,089;96;90 -99;0;2;0 - 24;9;0 - 9;179;150 - 180;26;20 -39;30;Youths;3;0;0;0;0;56;171;;;;;;;;;;
22;13;1;January;2;Weekdays;Tuesday;313,532;96;90 -99;0;3;0 - 24;9;0 - 9;179;150 - 180;26;20 -39;30;Youths;3;0;0;0;0;56;171;;;;;;;;;;
22;13;6;June;2;Weekdays;Tuesday;275,089;96;90 -99;0;3;0 - 24;9;0 - 9;179;150 - 180;26;20 -39;30;Youths;3;0;0;0;0;56;171;;;;;;;;;;
22;23;5;May;4;Weekdays;Thursday;246,074;99;90 -99;0;3;0 - 24;9;0 - 9;179;150 - 180;26;20 -39;30;Youths;3;0;0;0;0;56;171;;;;;;;;;;
22;23;5;May;4;Weekdays;Thursday;246,074;99;90 -99;0;3;0 - 24;9;0 - 9;179;150 - 180;26;20 -39;30;Youths;3;0;0;0;0;56;171;;;;;;;;;;
22;27;3;March;6;Weekends;Saturday;222,196;99;90 -99;0;3;0 - 24;9;0 - 9;179;150 - 180;26;20 -39;30;Youths;3;0;0;0;0;56;171;;;;;;;;;;
22;27;6;June;4;Weekdays;Thursday;275,089;96;90 -99;0;3;0 - 24;9;0 - 9;179;150 - 180;26;20 -39;30;Youths;3;0;0;0;0;56;171;;;;;;;;;;
22;1;10;October;4;Weekdays;Thursday;265,017;88;80 - 89;0;5;0 - 24;9;0 - 9;179;150 - 180;26;20 -39;30;Youths;3;0;0;0;0;56;171;;;;;;;;;;
22;7;10;October;4;Weekdays;Thursday;265,017;88;80 - 89;0;5;0 - 24;9;0 - 9;179;150 - 180;26;20 -39;30;Youths;3;0;0;0;0;56;171;;;;;;;;;;
22;1;10;October;2;Weekdays;Tuesday;265,017;88;80 - 89;0;8;0 - 24;9;0 - 9;179;150 - 180;26;20 -39;30;Youths;3;0;0;0;0;56;171;;;;;;;;;;
22;18;7;July;5;Weekdays;Friday;275,312;98;90 -99;0;8;0 - 24;9;0 - 9;179;150 - 180;26;20 -39;30;Youths;3;0;0;0;0;56;171;;;;;;;;;;
22;23;9;September;6;Weekends;Saturday;261,756;87;80 - 89;0;8;0 - 24;9;0 - 9;179;150 - 180;26;20 -39;30;Youths;3;0;0;0;0;56;171;;;;;;;;;;
22;12;1;January;5;Weekdays;Friday;313,532;96;90 -99;0;16;0 - 24;9;0 - 9;179;150 - 180;26;20 -39;30;Youths;3;0;0;0;0;56;171;;;;;;;;;;
22;13;12;December;3;Weekdays;Wednesday;280,549;98;90 -99;0;16;0 - 24;9;0 - 9;179;150 - 180;26;20 -39;30;Youths;3;0;0;0;0;56;171;;;;;;;;;;
22;23;10;October;5;Weekdays;Friday;265,017;88;80 - 89;0;16;0 - 24;9;0 - 9;179;150 - 180;26;20 -39;30;Youths;3;0;0;0;0;56;171;;;;;;;;;;
22;12;1;January;2;Weekdays;Tuesday;313,532;96;90 -99;0;24;0 - 24;9;0 - 9;179;150 - 180;26;20 -39;30;Youths;3;0;0;0;0;56;171;;;;;;;;;;
22;1;10;October;4;Weekdays;Thursday;265,017;88;80 - 89;0;64;50 - 74;9;0 - 9;179;150 - 180;26;20 -39;30;Youths;3;0;0;0;0;56;171;;;;;;;;;;
23;0;5;May;4;Weekdays;Thursday;237,656;99;90 -99;1;0;0 - 24;11;19-Oct;378;305 - 335;49;40 - 59;36;Youths;1;2;0;1;4;65;174;;;;;;;;;;
23;0;11;November;6;Weekends;Saturday;284,031;97;90 -99;1;0;0 - 24;11;19-Oct;378;305 - 335;49;40 - 59;36;Youths;1;2;0;1;4;65;174;;;;;;;;;;
23;1;11;November;2;Weekdays;Tuesday;284,031;97;90 -99;0;8;0 - 24;11;19-Oct;378;305 - 335;49;40 - 59;36;Youths;1;2;0;1;4;65;174;;;;;;;;;;
23;19;4;April;4;Weekdays;Thursday;326,452;96;90 -99;0;8;0 - 24;11;19-Oct;378;305 - 335;49;40 - 59;36;Youths;1;2;0;1;4;65;174;;;;;;;;;;
23;22;6;June;5;Weekdays;Friday;377,55;94;90 -99;0;8;0 - 24;11;19-Oct;378;305 - 335;49;40 - 59;36;Youths;1;2;0;1;4;65;174;;;;;;;;;;
23;22;6;June;5;Weekdays;Friday;275,089;96;90 -99;0;8;0 - 24;11;19-Oct;378;305 - 335;49;40 - 59;36;Youths;1;2;0;1;4;65;174;;;;;;;;;;
24;0;3;March;5;Weekdays;Friday;244,387;98;90 -99;1;0;0 - 24;16;19-Oct;246;243 - 273;25;20 -39;41;Adults;1;0;1;0;0;67;170;;;;;;;;;;
24;28;8;August;3;Weekdays;Wednesday;249,797;93;90 -99;0;1;0 - 24;16;19-Oct;246;243 - 273;25;20 -39;41;Adults;1;0;1;0;0;67;170;;;;;;;;;;
24;28;9;September;3;Weekdays;Wednesday;261,756;87;80 - 89;0;1;0 - 24;16;19-Oct;246;243 - 273;25;20 -39;41;Adults;1;0;1;0;0;67;170;;;;;;;;;;
24;28;9;September;3;Weekdays;Wednesday;261,756;87;80 - 89;0;1;0 - 24;16;19-Oct;246;243 - 273;25;20 -39;41;Adults;1;0;1;0;0;67;170;;;;;;;;;;
24;23;2;February;3;Weekdays;Wednesday;251,818;96;90 -99;0;2;0 - 24;16;19-Oct;246;243 - 273;25;20 -39;41;Adults;1;0;1;0;0;67;170;;;;;;;;;;
24;28;3;March;6;Weekends;Saturday;244,387;98;90 -99;0;2;0 - 24;16;19-Oct;246;243 - 273;25;20 -39;41;Adults;1;0;1;0;0;67;170;;;;;;;;;;
24;28;3;March;3;Weekdays;Wednesday;244,387;98;90 -99;0;2;0 - 24;16;19-Oct;246;243 - 273;25;20 -39;41;Adults;1;0;1;0;0;67;170;;;;;;;;;;
24;28;6;June;6;Weekends;Saturday;253,957;95;90 -99;0;2;0 - 24;16;19-Oct;246;243 - 273;25;20 -39;41;Adults;1;0;1;0;0;67;170;;;;;;;;;;
24;28;7;July;3;Weekdays;Wednesday;230,29;92;90 -99;0;2;0 - 24;16;19-Oct;246;243 - 273;25;20 -39;41;Adults;1;0;1;0;0;67;170;;;;;;;;;;
24;28;7;July;3;Weekdays;Wednesday;230,29;92;90 -99;0;2;0 - 24;16;19-Oct;246;243 - 273;25;20 -39;41;Adults;1;0;1;0;0;67;170;;;;;;;;;;
24;28;6;June;3;Weekdays;Wednesday;253,957;95;90 -99;0;3;0 - 24;16;19-Oct;246;243 - 273;25;20 -39;41;Adults;1;0;1;0;0;67;170;;;;;;;;;;
24;28;8;August;3;Weekdays;Wednesday;249,797;93;90 -99;0;4;0 - 24;16;19-Oct;246;243 - 273;25;20 -39;41;Adults;1;0;1;0;0;67;170;;;;;;;;;;
24;1;2;February;4;Weekdays;Thursday;302,585;99;90 -99;0;8;0 - 24;16;19-Oct;246;243 - 273;25;20 -39;41;Adults;1;0;1;0;0;67;170;;;;;;;;;;
24;4;12;December;5;Weekdays;Friday;236,629;93;90 -99;0;8;0 - 24;16;19-Oct;246;243 - 273;25;20 -39;41;Adults;1;0;1;0;0;67;170;;;;;;;;;;
24;10;6;June;2;Weekdays;Tuesday;377,55;94;90 -99;0;8;0 - 24;16;19-Oct;246;243 - 273;25;20 -39;41;Adults;1;0;1;0;0;67;170;;;;;;;;;;
24;13;11;November;6;Weekends;Saturday;284,031;97;90 -99;0;8;0 - 24;16;19-Oct;246;243 - 273;25;20 -39;41;Adults;1;0;1;0;0;67;170;;;;;;;;;;
24;13;11;November;2;Weekdays;Tuesday;284,031;97;90 -99;0;8;0 - 24;16;19-Oct;246;243 - 273;25;20 -39;41;Adults;1;0;1;0;0;67;170;;;;;;;;;;
24;14;4;April;6;Weekends;Saturday;326,452;96;90 -99;0;8;0 - 24;16;19-Oct;246;243 - 273;25;20 -39;41;Adults;1;0;1;0;0;67;170;;;;;;;;;;
24;19;12;December;6;Weekends;Saturday;261,306;97;90 -99;0;8;0 - 24;16;19-Oct;246;243 - 273;25;20 -39;41;Adults;1;0;1;0;0;67;170;;;;;;;;;;
24;26;2;February;5;Weekdays;Friday;251,818;96;90 -99;0;8;0 - 24;16;19-Oct;246;243 - 273;25;20 -39;41;Adults;1;0;1;0;0;67;170;;;;;;;;;;
24;19;3;March;4;Weekdays;Thursday;244,387;98;90 -99;0;16;0 - 24;16;19-Oct;246;243 - 273;25;20 -39;41;Adults;1;0;1;0;0;67;170;;;;;;;;;;
24;10;2;February;6;Weekends;Saturday;251,818;96;90 -99;0;24;0 - 24;16;19-Oct;246;243 - 273;25;20 -39;41;Adults;1;0;1;0;0;67;170;;;;;;;;;;
24;10;6;June;3;Weekdays;Wednesday;377,55;94;90 -99;0;24;0 - 24;16;19-Oct;246;243 - 273;25;20 -39;41;Adults;1;0;1;0;0;67;170;;;;;;;;;;
24;13;4;April;4;Weekdays;Thursday;326,452;96;90 -99;0;24;0 - 24;16;19-Oct;246;243 - 273;25;20 -39;41;Adults;1;0;1;0;0;67;170;;;;;;;;;;
24;9;9;September;4;Weekdays;Thursday;294,217;81;80 - 89;0;32;25 - 49;16;19-Oct;246;243 - 273;25;20 -39;41;Adults;1;0;1;0;0;67;170;;;;;;;;;;
25;23;5;May;5;Weekdays;Friday;237,656;99;90 -99;0;2;0 - 24;8;0 - 9;235;212 - 242;16;19-May;32;Youths;3;0;0;0;0;75;178;;;;;;;;;;
25;25;2;February;6;Weekends;Saturday;264,249;97;90 -99;0;2;0 - 24;8;0 - 9;235;212 - 242;16;19-May;32;Youths;3;0;0;0;0;75;178;;;;;;;;;;
25;28;5;May;4;Weekdays;Thursday;237,656;99;90 -99;0;2;0 - 24;8;0 - 9;235;212 - 242;16;19-May;32;Youths;3;0;0;0;0;75;178;;;;;;;;;;
25;11;10;October;5;Weekdays;Friday;284,853;91;90 -99;0;3;0 - 24;8;0 - 9;235;212 - 242;16;19-May;32;Youths;3;0;0;0;0;75;178;;;;;;;;;;
25;16;4;April;3;Weekdays;Wednesday;246,288;91;90 -99;0;3;0 - 24;8;0 - 9;235;212 - 242;16;19-May;32;Youths;3;0;0;0;0;75;178;;;;;;;;;;
25;25;2;February;2;Weekdays;Tuesday;264,249;97;90 -99;0;3;0 - 24;8;0 - 9;235;212 - 242;16;19-May;32;Youths;3;0;0;0;0;75;178;;;;;;;;;;
25;25;3;March;2;Weekdays;Tuesday;222,196;99;90 -99;0;3;0 - 24;8;0 - 9;235;212 - 242;16;19-May;32;Youths;3;0;0;0;0;75;178;;;;;;;;;;
25;1;11;November;6;Weekends;Saturday;268,519;93;90 -99;0;8;0 - 24;8;0 - 9;235;212 - 242;16;19-May;32;Youths;3;0;0;0;0;75;178;;;;;;;;;;
25;6;10;October;2;Weekdays;Tuesday;284,853;91;90 -99;0;8;0 - 24;8;0 - 9;235;212 - 242;16;19-May;32;Youths;3;0;0;0;0;75;178;;;;;;;;;;
25;10;5;May;2;Weekdays;Tuesday;237,656;99;90 -99;0;8;0 - 24;8;0 - 9;235;212 - 242;16;19-May;32;Youths;3;0;0;0;0;75;178;;;;;;;;;;
26;13;8;August;5;Weekdays;Friday;265,615;94;90 -99;0;1;0 - 24;13;19-Oct;300;274 - 304 ;26;20 -39;43;Adults;1;2;1;1;1;77;175;;;;;;;;;;
26;14;8;August;5;Weekdays;Friday;265,615;94;90 -99;0;2;0 - 24;13;19-Oct;300;274 - 304 ;26;20 -39;43;Adults;1;2;1;1;1;77;175;;;;;;;;;;
26;15;7;July;2;Weekdays;Tuesday;230,29;92;90 -99;0;8;0 - 24;13;19-Oct;300;274 - 304 ;26;20 -39;43;Adults;1;2;1;1;1;77;175;;;;;;;;;;
26;28;4;April;6;Weekends;Saturday;239,409;98;90 -99;0;8;0 - 24;13;19-Oct;300;274 - 304 ;26;20 -39;43;Adults;1;2;1;1;1;77;175;;;;;;;;;;
26;19;5;May;6;Weekends;Saturday;237,656;99;90 -99;0;64;50 - 74;13;19-Oct;300;274 - 304 ;26;20 -39;43;Adults;1;2;1;1;1;77;175;;;;;;;;;;
27;23;9;September;3;Weekdays;Wednesday;241,476;92;90 -99;0;2;0 - 24;7;0 - 9;184;180 - 211;42;40 - 59;27;Youths;1;0;0;0;0;58;167;;;;;;;;;;
27;7;5;May;4;Weekdays;Thursday;378,884;92;90 -99;0;4;0 - 24;7;0 - 9;184;180 - 211;42;40 - 59;27;Youths;1;0;0;0;0;58;167;;;;;;;;;;
27;23;2;February;3;Weekdays;Wednesday;302,585;99;90 -99;0;8;0 - 24;7;0 - 9;184;180 - 211;42;40 - 59;27;Youths;1;0;0;0;0;58;167;;;;;;;;;;
28;0;10;October;2;Weekdays;Tuesday;284,853;91;90 -99;1;0;0 - 24;9;0 - 9;225;212 - 242;26;20 -39;28;Youths;1;1;0;0;2;69;169;;;;;;;;;;
28;7;2;February;4;Weekdays;Thursday;251,818;96;90 -99;0;1;0 - 24;9;0 - 9;225;212 - 242;26;20 -39;28;Youths;1;1;0;0;2;69;169;;;;;;;;;;
28;11;5;May;2;Weekdays;Tuesday;237,656;99;90 -99;0;1;0 - 24;9;0 - 9;225;212 - 242;26;20 -39;28;Youths;1;1;0;0;2;69;169;;;;;;;;;;
28;13;10;October;5;Weekdays;Friday;284,853;91;90 -99;0;1;0 - 24;9;0 - 9;225;212 - 242;26;20 -39;28;Youths;1;1;0;0;2;69;169;;;;;;;;;;
28;23;1;January;3;Weekdays;Wednesday;308,593;95;90 -99;0;1;0 - 24;9;0 - 9;225;212 - 242;26;20 -39;28;Youths;1;1;0;0;2;69;169;;;;;;;;;;
28;23;3;March;6;Weekends;Saturday;343,253;95;90 -99;0;1;0 - 24;9;0 - 9;225;212 - 242;26;20 -39;28;Youths;1;1;0;0;2;69;169;;;;;;;;;;
28;23;4;April;4;Weekdays;Thursday;326,452;96;90 -99;0;1;0 - 24;9;0 - 9;225;212 - 242;26;20 -39;28;Youths;1;1;0;0;2;69;169;;;;;;;;;;
28;23;9;September;4;Weekdays;Thursday;261,756;87;80 - 89;0;1;0 - 24;9;0 - 9;225;212 - 242;26;20 -39;28;Youths;1;1;0;0;2;69;169;;;;;;;;;;
28;23;11;November;4;Weekdays;Thursday;306,345;93;90 -99;0;1;0 - 24;9;0 - 9;225;212 - 242;26;20 -39;28;Youths;1;1;0;0;2;69;169;;;;;;;;;;
28;27;1;January;6;Weekends;Saturday;308,593;95;90 -99;0;1;0 - 24;9;0 - 9;225;212 - 242;26;20 -39;28;Youths;1;1;0;0;2;69;169;;;;;;;;;;
28;28;3;March;2;Weekdays;Tuesday;343,253;95;90 -99;0;1;0 - 24;9;0 - 9;225;212 - 242;26;20 -39;28;Youths;1;1;0;0;2;69;169;;;;;;;;;;
28;7;2;February;2;Weekdays;Tuesday;264,249;97;90 -99;0;2;0 - 24;9;0 - 9;225;212 - 242;26;20 -39;28;Youths;1;1;0;0;2;69;169;;;;;;;;;;
28;23;2;February;3;Weekdays;Wednesday;302,585;99;90 -99;0;2;0 - 24;9;0 - 9;225;212 - 242;26;20 -39;28;Youths;1;1;0;0;2;69;169;;;;;;;;;;
28;23;3;March;4;Weekdays;Thursday;343,253;95;90 -99;0;2;0 - 24;9;0 - 9;225;212 - 242;26;20 -39;28;Youths;1;1;0;0;2;69;169;;;;;;;;;;
28;23;6;June;4;Weekdays;Thursday;253,957;95;90 -99;0;2;0 - 24;9;0 - 9;225;212 - 242;26;20 -39;28;Youths;1;1;0;0;2;69;169;;;;;;;;;;
28;23;10;October;4;Weekdays;Thursday;253,465;93;90 -99;0;2;0 - 24;9;0 - 9;225;212 - 242;26;20 -39;28;Youths;1;1;0;0;2;69;169;;;;;;;;;;
28;23;10;October;3;Weekdays;Wednesday;284,853;91;90 -99;0;2;0 - 24;9;0 - 9;225;212 - 242;26;20 -39;28;Youths;1;1;0;0;2;69;169;;;;;;;;;;
28;23;11;November;3;Weekdays;Wednesday;268,519;93;90 -99;0;2;0 - 24;9;0 - 9;225;212 - 242;26;20 -39;28;Youths;1;1;0;0;2;69;169;;;;;;;;;;
28;23;12;December;5;Weekdays;Friday;261,306;97;90 -99;0;2;0 - 24;9;0 - 9;225;212 - 242;26;20 -39;28;Youths;1;1;0;0;2;69;169;;;;;;;;;;
28;23;12;December;3;Weekdays;Wednesday;280,549;98;90 -99;0;2;0 - 24;9;0 - 9;225;212 - 242;26;20 -39;28;Youths;1;1;0;0;2;69;169;;;;;;;;;;
28;23;12;December;2;Weekdays;Tuesday;280,549;98;90 -99;0;2;0 - 24;9;0 - 9;225;212 - 242;26;20 -39;28;Youths;1;1;0;0;2;69;169;;;;;;;;;;
28;25;2;February;3;Weekdays;Wednesday;264,249;97;90 -99;0;2;0 - 24;9;0 - 9;225;212 - 242;26;20 -39;28;Youths;1;1;0;0;2;69;169;;;;;;;;;;
28;25;3;March;5;Weekdays;Friday;222,196;99;90 -99;0;2;0 - 24;9;0 - 9;225;212 - 242;26;20 -39;28;Youths;1;1;0;0;2;69;169;;;;;;;;;;
28;27;1;January;4;Weekdays;Thursday;308,593;95;90 -99;0;2;0 - 24;9;0 - 9;225;212 - 242;26;20 -39;28;Youths;1;1;0;0;2;69;169;;;;;;;;;;
28;27;1;January;3;Weekdays;Wednesday;308,593;95;90 -99;0;2;0 - 24;9;0 - 9;225;212 - 242;26;20 -39;28;Youths;1;1;0;0;2;69;169;;;;;;;;;;
28;27;3;March;5;Weekdays;Friday;222,196;99;90 -99;0;2;0 - 24;9;0 - 9;225;212 - 242;26;20 -39;28;Youths;1;1;0;0;2;69;169;;;;;;;;;;
28;28;1;January;5;Weekdays;Friday;308,593;95;90 -99;0;2;0 - 24;9;0 - 9;225;212 - 242;26;20 -39;28;Youths;1;1;0;0;2;69;169;;;;;;;;;;
28;28;3;March;6;Weekends;Saturday;343,253;95;90 -99;0;2;0 - 24;9;0 - 9;225;212 - 242;26;20 -39;28;Youths;1;1;0;0;2;69;169;;;;;;;;;;
28;28;4;April;6;Weekends;Saturday;326,452;96;90 -99;0;2;0 - 24;9;0 - 9;225;212 - 242;26;20 -39;28;Youths;1;1;0;0;2;69;169;;;;;;;;;;
28;28;6;June;5;Weekdays;Friday;377,55;94;90 -99;0;2;0 - 24;9;0 - 9;225;212 - 242;26;20 -39;28;Youths;1;1;0;0;2;69;169;;;;;;;;;;
28;28;10;October;3;Weekdays;Wednesday;253,465;93;90 -99;0;2;0 - 24;9;0 - 9;225;212 - 242;26;20 -39;28;Youths;1;1;0;0;2;69;169;;;;;;;;;;
28;6;5;May;4;Weekdays;Thursday;237,656;99;90 -99;0;3;0 - 24;9;0 - 9;225;212 - 242;26;20 -39;28;Youths;1;1;0;0;2;69;169;;;;;;;;;;
28;10;10;October;6;Weekends;Saturday;284,853;91;90 -99;0;3;0 - 24;9;0 - 9;225;212 - 242;26;20 -39;28;Youths;1;1;0;0;2;69;169;;;;;;;;;;
28;12;12;December;2;Weekdays;Tuesday;236,629;93;90 -99;0;3;0 - 24;9;0 - 9;225;212 - 242;26;20 -39;28;Youths;1;1;0;0;2;69;169;;;;;;;;;;
28;13;10;October;3;Weekdays;Wednesday;284,853;91;90 -99;0;3;0 - 24;9;0 - 9;225;212 - 242;26;20 -39;28;Youths;1;1;0;0;2;69;169;;;;;;;;;;
28;13;11;November;6;Weekends;Saturday;306,345;93;90 -99;0;3;0 - 24;9;0 - 9;225;212 - 242;26;20 -39;28;Youths;1;1;0;0;2;69;169;;;;;;;;;;
28;14;11;November;5;Weekdays;Friday;268,519;93;90 -99;0;3;0 - 24;9;0 - 9;225;212 - 242;26;20 -39;28;Youths;1;1;0;0;2;69;169;;;;;;;;;;
28;23;2;February;3;Weekdays;Wednesday;264,249;97;90 -99;0;3;0 - 24;9;0 - 9;225;212 - 242;26;20 -39;28;Youths;1;1;0;0;2;69;169;;;;;;;;;;
28;23;10;October;6;Weekends;Saturday;253,465;93;90 -99;0;3;0 - 24;9;0 - 9;225;212 - 242;26;20 -39;28;Youths;1;1;0;0;2;69;169;;;;;;;;;;
28;23;10;October;4;Weekdays;Thursday;253,465;93;90 -99;0;3;0 - 24;9;0 - 9;225;212 - 242;26;20 -39;28;Youths;1;1;0;0;2;69;169;;;;;;;;;;
28;23;11;November;4;Weekdays;Thursday;306,345;93;90 -99;0;3;0 - 24;9;0 - 9;225;212 - 242;26;20 -39;28;Youths;1;1;0;0;2;69;169;;;;;;;;;;
28;23;12;December;4;Weekdays;Thursday;280,549;98;90 -99;0;3;0 - 24;9;0 - 9;225;212 - 242;26;20 -39;28;Youths;1;1;0;0;2;69;169;;;;;;;;;;
28;23;12;December;6;Weekends;Saturday;280,549;98;90 -99;0;3;0 - 24;9;0 - 9;225;212 - 242;26;20 -39;28;Youths;1;1;0;0;2;69;169;;;;;;;;;;
28;23;12;December;4;Weekdays;Thursday;280,549;98;90 -99;0;3;0 - 24;9;0 - 9;225;212 - 242;26;20 -39;28;Youths;1;1;0;0;2;69;169;;;;;;;;;;
28;23;12;December;5;Weekdays;Friday;280,549;98;90 -99;0;3;0 - 24;9;0 - 9;225;212 - 242;26;20 -39;28;Youths;1;1;0;0;2;69;169;;;;;;;;;;
28;25;2;February;5;Weekdays;Friday;302,585;99;90 -99;0;3;0 - 24;9;0 - 9;225;212 - 242;26;20 -39;28;Youths;1;1;0;0;2;69;169;;;;;;;;;;
28;25;2;February;5;Weekdays;Friday;264,249;97;90 -99;0;3;0 - 24;9;0 - 9;225;212 - 242;26;20 -39;28;Youths;1;1;0;0;2;69;169;;;;;;;;;;
28;25;5;May;4;Weekdays;Thursday;246,074;99;90 -99;0;3;0 - 24;9;0 - 9;225;212 - 242;26;20 -39;28;Youths;1;1;0;0;2;69;169;;;;;;;;;;
28;28;2;February;5;Weekdays;Friday;264,249;97;90 -99;0;3;0 - 24;9;0 - 9;225;212 - 242;26;20 -39;28;Youths;1;1;0;0;2;69;169;;;;;;;;;;
28;28;11;November;3;Weekdays;Wednesday;306,345;93;90 -99;0;3;0 - 24;9;0 - 9;225;212 - 242;26;20 -39;28;Youths;1;1;0;0;2;69;169;;;;;;;;;;
28;23;6;June;5;Weekdays;Friday;253,957;95;90 -99;0;4;0 - 24;9;0 - 9;225;212 - 242;26;20 -39;28;Youths;1;1;0;0;2;69;169;;;;;;;;;;
28;23;11;November;6;Weekends;Saturday;268,519;93;90 -99;0;4;0 - 24;9;0 - 9;225;212 - 242;26;20 -39;28;Youths;1;1;0;0;2;69;169;;;;;;;;;;
28;25;7;July;5;Weekdays;Friday;230,29;92;90 -99;0;4;0 - 24;9;0 - 9;225;212 - 242;26;20 -39;28;Youths;1;1;0;0;2;69;169;;;;;;;;;;
28;23;1;January;4;Weekdays;Thursday;330,061;100;100 and above;0;5;0 - 24;9;0 - 9;225;212 - 242;26;20 -39;28;Youths;1;1;0;0;2;69;169;;;;;;;;;;
28;7;2;February;3;Weekdays;Wednesday;264,249;97;90 -99;0;8;0 - 24;9;0 - 9;225;212 - 242;26;20 -39;28;Youths;1;1;0;0;2;69;169;;;;;;;;;;
28;7;3;March;2;Weekdays;Tuesday;222,196;99;90 -99;0;8;0 - 24;9;0 - 9;225;212 - 242;26;20 -39;28;Youths;1;1;0;0;2;69;169;;;;;;;;;;
28;11;3;March;2;Weekdays;Tuesday;343,253;95;90 -99;0;8;0 - 24;9;0 - 9;225;212 - 242;26;20 -39;28;Youths;1;1;0;0;2;69;169;;;;;;;;;;
28;11;3;March;3;Weekdays;Wednesday;343,253;95;90 -99;0;8;0 - 24;9;0 - 9;225;212 - 242;26;20 -39;28;Youths;1;1;0;0;2;69;169;;;;;;;;;;
28;13;4;April;2;Weekdays;Tuesday;246,288;91;90 -99;0;8;0 - 24;9;0 - 9;225;212 - 242;26;20 -39;28;Youths;1;1;0;0;2;69;169;;;;;;;;;;
28;19;4;April;2;Weekdays;Tuesday;246,288;91;90 -99;0;8;0 - 24;9;0 - 9;225;212 - 242;26;20 -39;28;Youths;1;1;0;0;2;69;169;;;;;;;;;;
28;19;4;April;5;Weekdays;Friday;246,288;91;90 -99;0;8;0 - 24;9;0 - 9;225;212 - 242;26;20 -39;28;Youths;1;1;0;0;2;69;169;;;;;;;;;;
28;19;5;May;3;Weekdays;Wednesday;378,884;92;90 -99;0;8;0 - 24;9;0 - 9;225;212 - 242;26;20 -39;28;Youths;1;1;0;0;2;69;169;;;;;;;;;;
28;22;7;July;4;Weekdays;Thursday;264,604;93;90 -99;0;8;0 - 24;9;0 - 9;225;212 - 242;26;20 -39;28;Youths;1;1;0;0;2;69;169;;;;;;;;;;
28;11;3;March;4;Weekdays;Thursday;343,253;95;90 -99;0;16;0 - 24;9;0 - 9;225;212 - 242;26;20 -39;28;Youths;1;1;0;0;2;69;169;;;;;;;;;;
28;9;7;July;3;Weekdays;Wednesday;230,29;92;90 -99;0;112;100 - 124;9;0 - 9;225;212 - 242;26;20 -39;28;Youths;1;1;0;0;2;69;169;;;;;;;;;;
29;0;9;September;2;Weekdays;Tuesday;241,476;92;90 -99;1;0;0 - 24;9;0 - 9;225;212 - 242;26;20 -39;28;Youths;1;1;0;0;2;69;169;;;;;;;;;;
29;28;2;February;6;Weekends;Saturday;264,249;97;90 -99;0;2;0 - 24;15;19-Oct;225;212 - 242;26;20 -39;28;Youths;1;1;0;0;2;69;169;;;;;;;;;;
29;19;5;May;4;Weekdays;Thursday;237,656;99;90 -99;0;3;0 - 24;15;19-Oct;225;212 - 242;26;20 -39;28;Youths;1;1;0;0;2;69;169;;;;;;;;;;
29;14;5;May;5;Weekdays;Friday;237,656;99;90 -99;0;8;0 - 24;15;19-Oct;225;212 - 242;26;20 -39;28;Youths;1;1;0;0;2;69;169;;;;;;;;;;
29;22;5;May;6;Weekends;Saturday;237,656;99;90 -99;0;8;0 - 24;15;19-Oct;225;212 - 242;26;20 -39;28;Youths;1;1;0;0;2;69;169;;;;;;;;;;
30;28;12;December;2;Weekdays;Tuesday;236,629;93;90 -99;0;2;0 - 24;6;0 - 9;225;212 - 242;15;19-May;41;Adults;4;2;1;0;2;94;182;;;;;;;;;;
30;19;3;March;3;Weekdays;Wednesday;343,253;95;90 -99;0;3;0 - 24;6;0 - 9;225;212 - 242;15;19-May;41;Adults;4;2;1;0;2;94;182;;;;;;;;;;
30;19;8;August;6;Weekends;Saturday;265,615;94;90 -99;0;3;0 - 24;6;0 - 9;225;212 - 242;15;19-May;41;Adults;4;2;1;0;2;94;182;;;;;;;;;;
30;25;7;July;2;Weekdays;Tuesday;275,312;98;90 -99;0;3;0 - 24;6;0 - 9;225;212 - 242;15;19-May;41;Adults;4;2;1;0;2;94;182;;;;;;;;;;
30;11;2;February;4;Weekdays;Thursday;251,818;96;90 -99;0;16;0 - 24;6;0 - 9;225;212 - 242;15;19-May;41;Adults;4;2;1;0;2;94;182;;;;;;;;;;
31;0;5;May;4;Weekdays;Thursday;378,884;92;90 -99;1;0;0 - 24;9;0 - 9;157;150 - 180;27;20 -39;29;Youths;1;0;1;1;0;75;185;;;;;;;;;;
31;1;2;February;3;Weekdays;Wednesday;302,585;99;90 -99;0;8;0 - 24;9;0 - 9;157;150 - 180;27;20 -39;29;Youths;1;0;1;1;0;75;185;;;;;;;;;;
31;11;2;February;2;Weekdays;Tuesday;302,585;99;90 -99;0;8;0 - 24;9;0 - 9;157;150 - 180;27;20 -39;29;Youths;1;0;1;1;0;75;185;;;;;;;;;;
32;4;10;October;5;Weekdays;Friday;284,853;91;90 -99;0;1;0 - 24;29;20 - 29;388;305 - 335;15;19-May;50;Adults;1;0;0;0;0;76;178;;;;;;;;;;
32;23;10;October;5;Weekdays;Friday;284,853;91;90 -99;0;2;0 - 24;29;20 - 29;388;305 - 335;15;19-May;50;Adults;1;0;0;0;0;76;178;;;;;;;;;;
32;28;6;June;2;Weekdays;Tuesday;377,55;94;90 -99;0;2;0 - 24;29;20 - 29;388;305 - 335;15;19-May;50;Adults;1;0;0;0;0;76;178;;;;;;;;;;
32;10;1;January;5;Weekdays;Friday;313,532;96;90 -99;0;8;0 - 24;29;20 - 29;388;305 - 335;15;19-May;50;Adults;1;0;0;0;0;76;178;;;;;;;;;;
33;0;10;October;6;Weekends;Saturday;265,017;88;80 - 89;1;0;0 - 24;14;19-Oct;289;274 - 304 ;48;40 - 59;49;Adults;1;0;0;0;2;108;172;;;;;;;;;;
33;23;8;August;4;Weekdays;Thursday;265,615;94;90 -99;0;1;0 - 24;14;19-Oct;289;274 - 304 ;48;40 - 59;49;Adults;1;0;0;0;2;108;172;;;;;;;;;;
33;23;9;September;6;Weekends;Saturday;241,476;92;90 -99;0;1;0 - 24;14;19-Oct;289;274 - 304 ;48;40 - 59;49;Adults;1;0;0;0;2;108;172;;;;;;;;;;
33;23;9;September;6;Weekends;Saturday;261,756;87;80 - 89;0;1;0 - 24;14;19-Oct;289;274 - 304 ;48;40 - 59;49;Adults;1;0;0;0;2;108;172;;;;;;;;;;
33;23;12;December;3;Weekdays;Wednesday;261,306;97;90 -99;0;1;0 - 24;14;19-Oct;289;274 - 304 ;48;40 - 59;49;Adults;1;0;0;0;2;108;172;;;;;;;;;;
33;28;11;November;2;Weekdays;Tuesday;306,345;93;90 -99;0;1;0 - 24;14;19-Oct;289;274 - 304 ;48;40 - 59;49;Adults;1;0;0;0;2;108;172;;;;;;;;;;
33;13;3;March;2;Weekdays;Tuesday;222,196;99;90 -99;0;2;0 - 24;14;19-Oct;289;274 - 304 ;48;40 - 59;49;Adults;1;0;0;0;2;108;172;;;;;;;;;;
33;23;2;February;3;Weekdays;Wednesday;264,249;97;90 -99;0;2;0 - 24;14;19-Oct;289;274 - 304 ;48;40 - 59;49;Adults;1;0;0;0;2;108;172;;;;;;;;;;
33;23;3;March;2;Weekdays;Tuesday;222,196;99;90 -99;0;2;0 - 24;14;19-Oct;289;274 - 304 ;48;40 - 59;49;Adults;1;0;0;0;2;108;172;;;;;;;;;;
33;23;5;May;4;Weekdays;Thursday;246,074;99;90 -99;0;2;0 - 24;14;19-Oct;289;274 - 304 ;48;40 - 59;49;Adults;1;0;0;0;2;108;172;;;;;;;;;;
33;23;8;August;4;Weekdays;Thursday;205,917;92;90 -99;0;2;0 - 24;14;19-Oct;289;274 - 304 ;48;40 - 59;49;Adults;1;0;0;0;2;108;172;;;;;;;;;;
33;23;10;October;4;Weekdays;Thursday;253,465;93;90 -99;0;2;0 - 24;14;19-Oct;289;274 - 304 ;48;40 - 59;49;Adults;1;0;0;0;2;108;172;;;;;;;;;;
33;23;11;November;2;Weekdays;Tuesday;284,031;97;90 -99;0;2;0 - 24;14;19-Oct;289;274 - 304 ;48;40 - 59;49;Adults;1;0;0;0;2;108;172;;;;;;;;;;
33;25;8;August;2;Weekdays;Tuesday;265,615;94;90 -99;0;2;0 - 24;14;19-Oct;289;274 - 304 ;48;40 - 59;49;Adults;1;0;0;0;2;108;172;;;;;;;;;;
33;14;3;March;6;Weekends;Saturday;343,253;95;90 -99;0;3;0 - 24;14;19-Oct;289;274 - 304 ;48;40 - 59;49;Adults;1;0;0;0;2;108;172;;;;;;;;;;
33;14;3;March;6;Weekends;Saturday;343,253;95;90 -99;0;3;0 - 24;14;19-Oct;289;274 - 304 ;48;40 - 59;49;Adults;1;0;0;0;2;108;172;;;;;;;;;;
33;23;3;March;5;Weekdays;Friday;222,196;99;90 -99;0;3;0 - 24;14;19-Oct;289;274 - 304 ;48;40 - 59;49;Adults;1;0;0;0;2;108;172;;;;;;;;;;
33;25;3;March;3;Weekdays;Wednesday;222,196;99;90 -99;0;3;0 - 24;14;19-Oct;289;274 - 304 ;48;40 - 59;49;Adults;1;0;0;0;2;108;172;;;;;;;;;;
33;14;11;November;5;Weekdays;Friday;268,519;93;90 -99;0;4;0 - 24;14;19-Oct;289;274 - 304 ;48;40 - 59;49;Adults;1;0;0;0;2;108;172;;;;;;;;;;
33;26;4;April;2;Weekdays;Tuesday;239,409;98;90 -99;0;4;0 - 24;14;19-Oct;289;274 - 304 ;48;40 - 59;49;Adults;1;0;0;0;2;108;172;;;;;;;;;;
33;1;2;February;4;Weekdays;Thursday;264,249;97;90 -99;0;8;0 - 24;14;19-Oct;289;274 - 304 ;48;40 - 59;49;Adults;1;0;0;0;2;108;172;;;;;;;;;;
33;10;10;October;2;Weekdays;Tuesday;284,853;91;90 -99;0;8;0 - 24;14;19-Oct;289;274 - 304 ;48;40 - 59;49;Adults;1;0;0;0;2;108;172;;;;;;;;;;
33;19;4;April;4;Weekdays;Thursday;246,288;91;90 -99;0;8;0 - 24;14;19-Oct;289;274 - 304 ;48;40 - 59;49;Adults;1;0;0;0;2;108;172;;;;;;;;;;
33;28;4;April;6;Weekends;Saturday;326,452;96;90 -99;0;8;0 - 24;14;19-Oct;289;274 - 304 ;48;40 - 59;49;Adults;1;0;0;0;2;108;172;;;;;;;;;;
34;27;1;January;2;Weekdays;Tuesday;308,593;95;90 -99;0;0;0 - 24;10;19-Oct;248;243 - 273;25;20 -39;47;Adults;1;2;0;0;1;86;165;;;;;;;;;;
34;28;5;May;2;Weekdays;Tuesday;246,074;99;90 -99;0;1;0 - 24;10;19-Oct;248;243 - 273;25;20 -39;47;Adults;1;2;0;0;1;86;165;;;;;;;;;;
34;28;5;May;3;Weekdays;Wednesday;237,656;99;90 -99;0;1;0 - 24;10;19-Oct;248;243 - 273;25;20 -39;47;Adults;1;2;0;0;1;86;165;;;;;;;;;;
34;8;6;June;6;Weekends;Saturday;275,089;96;90 -99;0;2;0 - 24;10;19-Oct;248;243 - 273;25;20 -39;47;Adults;1;2;0;0;1;86;165;;;;;;;;;;
34;10;4;April;4;Weekdays;Thursday;246,288;91;90 -99;0;2;0 - 24;10;19-Oct;248;243 - 273;25;20 -39;47;Adults;1;2;0;0;1;86;165;;;;;;;;;;
34;11;4;April;4;Weekdays;Thursday;239,409;98;90 -99;0;2;0 - 24;10;19-Oct;248;243 - 273;25;20 -39;47;Adults;1;2;0;0;1;86;165;;;;;;;;;;
34;13;11;November;5;Weekdays;Friday;268,519;93;90 -99;0;2;0 - 24;10;19-Oct;248;243 - 273;25;20 -39;47;Adults;1;2;0;0;1;86;165;;;;;;;;;;
34;23;7;July;4;Weekdays;Thursday;264,604;93;90 -99;0;2;0 - 24;10;19-Oct;248;243 - 273;25;20 -39;47;Adults;1;2;0;0;1;86;165;;;;;;;;;;
34;23;10;October;3;Weekdays;Wednesday;284,853;91;90 -99;0;2;0 - 24;10;19-Oct;248;243 - 273;25;20 -39;47;Adults;1;2;0;0;1;86;165;;;;;;;;;;
34;27;1;January;2;Weekdays;Tuesday;308,593;95;90 -99;0;2;0 - 24;10;19-Oct;248;243 - 273;25;20 -39;47;Adults;1;2;0;0;1;86;165;;;;;;;;;;
34;27;1;January;6;Weekends;Saturday;308,593;95;90 -99;0;2;0 - 24;10;19-Oct;248;243 - 273;25;20 -39;47;Adults;1;2;0;0;1;86;165;;;;;;;;;;
34;28;2;February;3;Weekdays;Wednesday;251,818;96;90 -99;0;2;0 - 24;10;19-Oct;248;243 - 273;25;20 -39;47;Adults;1;2;0;0;1;86;165;;;;;;;;;;
34;28;6;June;3;Weekdays;Wednesday;253,957;95;90 -99;0;2;0 - 24;10;19-Oct;248;243 - 273;25;20 -39;47;Adults;1;2;0;0;1;86;165;;;;;;;;;;
34;7;10;October;2;Weekdays;Tuesday;265,017;88;80 - 89;0;3;0 - 24;10;19-Oct;248;243 - 273;25;20 -39;47;Adults;1;2;0;0;1;86;165;;;;;;;;;;
34;8;5;May;4;Weekdays;Thursday;237,656;99;90 -99;0;3;0 - 24;10;19-Oct;248;243 - 273;25;20 -39;47;Adults;1;2;0;0;1;86;165;;;;;;;;;;
34;10;6;June;4;Weekdays;Thursday;275,089;96;90 -99;0;3;0 - 24;10;19-Oct;248;243 - 273;25;20 -39;47;Adults;1;2;0;0;1;86;165;;;;;;;;;;
34;11;11;November;4;Weekdays;Thursday;284,031;97;90 -99;0;3;0 - 24;10;19-Oct;248;243 - 273;25;20 -39;47;Adults;1;2;0;0;1;86;165;;;;;;;;;;
34;23;6;June;2;Weekdays;Tuesday;253,957;95;90 -99;0;3;0 - 24;10;19-Oct;248;243 - 273;25;20 -39;47;Adults;1;2;0;0;1;86;165;;;;;;;;;;
34;23;10;October;3;Weekdays;Wednesday;253,465;93;90 -99;0;3;0 - 24;10;19-Oct;248;243 - 273;25;20 -39;47;Adults;1;2;0;0;1;86;165;;;;;;;;;;
34;25;6;June;2;Weekdays;Tuesday;275,089;96;90 -99;0;3;0 - 24;10;19-Oct;248;243 - 273;25;20 -39;47;Adults;1;2;0;0;1;86;165;;;;;;;;;;
34;28;9;September;3;Weekdays;Wednesday;261,756;87;80 - 89;0;3;0 - 24;10;19-Oct;248;243 - 273;25;20 -39;47;Adults;1;2;0;0;1;86;165;;;;;;;;;;
34;28;11;November;4;Weekdays;Thursday;268,519;93;90 -99;0;3;0 - 24;10;19-Oct;248;243 - 273;25;20 -39;47;Adults;1;2;0;0;1;86;165;;;;;;;;;;
34;26;7;July;6;Weekends;Saturday;275,312;98;90 -99;0;4;0 - 24;10;19-Oct;248;243 - 273;25;20 -39;47;Adults;1;2;0;0;1;86;165;;;;;;;;;;
34;28;7;July;2;Weekdays;Tuesday;264,604;93;90 -99;0;4;0 - 24;10;19-Oct;248;243 - 273;25;20 -39;47;Adults;1;2;0;0;1;86;165;;;;;;;;;;
34;28;8;August;3;Weekdays;Wednesday;249,797;93;90 -99;0;4;0 - 24;10;19-Oct;248;243 - 273;25;20 -39;47;Adults;1;2;0;0;1;86;165;;;;;;;;;;
34;28;8;August;3;Weekdays;Wednesday;249,797;93;90 -99;0;5;0 - 24;10;19-Oct;248;243 - 273;25;20 -39;47;Adults;1;2;0;0;1;86;165;;;;;;;;;;
34;5;7;July;6;Weekends;Saturday;275,312;98;90 -99;0;8;0 - 24;10;19-Oct;248;243 - 273;25;20 -39;47;Adults;1;2;0;0;1;86;165;;;;;;;;;;
34;8;11;November;3;Weekdays;Wednesday;268,519;93;90 -99;0;8;0 - 24;10;19-Oct;248;243 - 273;25;20 -39;47;Adults;1;2;0;0;1;86;165;;;;;;;;;;
34;9;11;November;3;Weekdays;Wednesday;268,519;93;90 -99;0;8;0 - 24;10;19-Oct;248;243 - 273;25;20 -39;47;Adults;1;2;0;0;1;86;165;;;;;;;;;;
34;10;4;April;2;Weekdays;Tuesday;246,288;91;90 -99;0;8;0 - 24;10;19-Oct;248;243 - 273;25;20 -39;47;Adults;1;2;0;0;1;86;165;;;;;;;;;;
34;10;6;June;4;Weekdays;Thursday;275,089;96;90 -99;0;8;0 - 24;10;19-Oct;248;243 - 273;25;20 -39;47;Adults;1;2;0;0;1;86;165;;;;;;;;;;
34;11;11;November;2;Weekdays;Tuesday;284,031;97;90 -99;0;8;0 - 24;10;19-Oct;248;243 - 273;25;20 -39;47;Adults;1;2;0;0;1;86;165;;;;;;;;;;
34;18;3;March;3;Weekdays;Wednesday;244,387;98;90 -99;0;8;0 - 24;10;19-Oct;248;243 - 273;25;20 -39;47;Adults;1;2;0;0;1;86;165;;;;;;;;;;
34;23;11;November;2;Weekdays;Tuesday;268,519;93;90 -99;0;8;0 - 24;10;19-Oct;248;243 - 273;25;20 -39;47;Adults;1;2;0;0;1;86;165;;;;;;;;;;
34;25;12;December;3;Weekdays;Wednesday;236,629;93;90 -99;0;8;0 - 24;10;19-Oct;248;243 - 273;25;20 -39;47;Adults;1;2;0;0;1;86;165;;;;;;;;;;
34;26;6;June;6;Weekends;Saturday;275,089;96;90 -99;0;8;0 - 24;10;19-Oct;248;243 - 273;25;20 -39;47;Adults;1;2;0;0;1;86;165;;;;;;;;;;
34;26;7;July;6;Weekends;Saturday;230,29;92;90 -99;0;8;0 - 24;10;19-Oct;248;243 - 273;25;20 -39;47;Adults;1;2;0;0;1;86;165;;;;;;;;;;
34;28;7;July;3;Weekdays;Wednesday;230,29;92;90 -99;0;8;0 - 24;10;19-Oct;248;243 - 273;25;20 -39;47;Adults;1;2;0;0;1;86;165;;;;;;;;;;
34;19;1;January;2;Weekdays;Tuesday;330,061;100;100 and above;0;32;25 - 49;10;19-Oct;248;243 - 273;25;20 -39;47;Adults;1;2;0;0;1;86;165;;;;;;;;;;
35;0;0;0;6;Weekends;Saturday;271,219;95;90 -99;0;0;0 - 24;14;19-Oct;118;118 - 149;10;19-May;37;Youths;1;0;0;0;0;83;172;;;;;;;;;;
36;0;3;March;5;Weekdays;Friday;244,387;98;90 -99;1;0;0 - 24;18;19-Oct;179;150 - 180;45;40 - 59;53;Adults;1;1;0;0;1;77;175;;;;;;;;;;
36;0;5;May;3;Weekdays;Wednesday;237,656;99;90 -99;1;0;0 - 24;18;19-Oct;179;150 - 180;45;40 - 59;53;Adults;1;1;0;0;1;77;175;;;;;;;;;;
36;0;7;July;3;Weekdays;Wednesday;239,554;97;90 -99;1;0;0 - 24;18;19-Oct;179;150 - 180;45;40 - 59;53;Adults;1;1;0;0;1;77;175;;;;;;;;;;
36;0;10;October;6;Weekends;Saturday;265,017;88;80 - 89;1;0;0 - 24;18;19-Oct;179;150 - 180;45;40 - 59;53;Adults;1;1;0;0;1;77;175;;;;;;;;;;
36;1;7;July;4;Weekdays;Thursday;275,312;98;90 -99;0;8;0 - 24;18;19-Oct;179;150 - 180;45;40 - 59;53;Adults;1;1;0;0;1;77;175;;;;;;;;;;
36;5;5;May;3;Weekdays;Wednesday;237,656;99;90 -99;0;3;0 - 24;18;19-Oct;179;150 - 180;45;40 - 59;53;Adults;1;1;0;0;1;77;175;;;;;;;;;;
36;13;8;August;5;Weekdays;Friday;265,615;94;90 -99;0;3;0 - 24;18;19-Oct;179;150 - 180;45;40 - 59;53;Adults;1;1;0;0;1;77;175;;;;;;;;;;
36;13;3;March;4;Weekdays;Thursday;244,387;98;90 -99;0;8;0 - 24;18;19-Oct;179;150 - 180;45;40 - 59;53;Adults;1;1;0;0;1;77;175;;;;;;;;;;
36;13;6;June;4;Weekdays;Thursday;377,55;94;90 -99;0;8;0 - 24;18;19-Oct;179;150 - 180;45;40 - 59;53;Adults;1;1;0;0;1;77;175;;;;;;;;;;
36;13;5;May;4;Weekdays;Thursday;378,884;92;90 -99;0;24;0 - 24;18;19-Oct;179;150 - 180;45;40 - 59;53;Adults;1;1;0;0;1;77;175;;;;;;;;;;
36;13;6;June;4;Weekdays;Thursday;377,55;94;90 -99;0;80;75-99;18;19-Oct;179;150 - 180;45;40 - 59;53;Adults;1;1;0;0;1;77;175;;;;;;;;;;
36;13;4;April;4;Weekdays;Thursday;239,409;98;90 -99;0;120;100 - 124;18;19-Oct;179;150 - 180;45;40 - 59;53;Adults;1;1;0;0;1;77;175;;;;;;;;;;
36;14;4;April;5;Weekdays;Friday;246,288;91;90 -99;0;2;0 - 24;18;19-Oct;179;150 - 180;45;40 - 59;53;Adults;1;1;0;0;1;77;175;;;;;;;;;;
36;14;3;March;3;Weekdays;Wednesday;244,387;98;90 -99;0;3;0 - 24;18;19-Oct;179;150 - 180;45;40 - 59;53;Adults;1;1;0;0;1;77;175;;;;;;;;;;
36;19;6;June;5;Weekdays;Friday;275,089;96;90 -99;0;3;0 - 24;18;19-Oct;179;150 - 180;45;40 - 59;53;Adults;1;1;0;0;1;77;175;;;;;;;;;;
36;19;6;June;5;Weekdays;Friday;275,089;96;90 -99;0;24;0 - 24;18;19-Oct;179;150 - 180;45;40 - 59;53;Adults;1;1;0;0;1;77;175;;;;;;;;;;
36;23;4;April;5;Weekdays;Friday;326,452;96;90 -99;0;1;0 - 24;18;19-Oct;179;150 - 180;45;40 - 59;53;Adults;1;1;0;0;1;77;175;;;;;;;;;;
36;23;4;April;2;Weekdays;Tuesday;239,409;98;90 -99;0;1;0 - 24;18;19-Oct;179;150 - 180;45;40 - 59;53;Adults;1;1;0;0;1;77;175;;;;;;;;;;
36;23;6;June;3;Weekdays;Wednesday;377,55;94;90 -99;0;1;0 - 24;18;19-Oct;179;150 - 180;45;40 - 59;53;Adults;1;1;0;0;1;77;175;;;;;;;;;;
36;23;7;July;6;Weekends;Saturday;230,29;92;90 -99;0;1;0 - 24;18;19-Oct;179;150 - 180;45;40 - 59;53;Adults;1;1;0;0;1;77;175;;;;;;;;;;
36;23;8;August;5;Weekdays;Friday;265,615;94;90 -99;0;1;0 - 24;18;19-Oct;179;150 - 180;45;40 - 59;53;Adults;1;1;0;0;1;77;175;;;;;;;;;;
36;23;10;October;5;Weekdays;Friday;265,017;88;80 - 89;0;1;0 - 24;18;19-Oct;179;150 - 180;45;40 - 59;53;Adults;1;1;0;0;1;77;175;;;;;;;;;;
36;23;3;March;6;Weekends;Saturday;244,387;98;90 -99;0;2;0 - 24;18;19-Oct;179;150 - 180;45;40 - 59;53;Adults;1;1;0;0;1;77;175;;;;;;;;;;
36;23;5;May;2;Weekdays;Tuesday;237,656;99;90 -99;0;2;0 - 24;18;19-Oct;179;150 - 180;45;40 - 59;53;Adults;1;1;0;0;1;77;175;;;;;;;;;;
36;23;6;June;4;Weekdays;Thursday;253,957;95;90 -99;0;2;0 - 24;18;19-Oct;179;150 - 180;45;40 - 59;53;Adults;1;1;0;0;1;77;175;;;;;;;;;;
36;23;4;April;3;Weekdays;Wednesday;246,288;91;90 -99;0;3;0 - 24;18;19-Oct;179;150 - 180;45;40 - 59;53;Adults;1;1;0;0;1;77;175;;;;;;;;;;
36;26;1;January;2;Weekdays;Tuesday;330,061;100;100 and above;0;4;0 - 24;18;19-Oct;179;150 - 180;45;40 - 59;53;Adults;1;1;0;0;1;77;175;;;;;;;;;;
36;28;9;September;5;Weekdays;Friday;294,217;81;80 - 89;0;1;0 - 24;18;19-Oct;179;150 - 180;45;40 - 59;53;Adults;1;1;0;0;1;77;175;;;;;;;;;;
36;28;10;October;3;Weekdays;Wednesday;265,017;88;80 - 89;0;1;0 - 24;18;19-Oct;179;150 - 180;45;40 - 59;53;Adults;1;1;0;0;1;77;175;;;;;;;;;;
36;28;10;October;5;Weekdays;Friday;265,017;88;80 - 89;0;1;0 - 24;18;19-Oct;179;150 - 180;45;40 - 59;53;Adults;1;1;0;0;1;77;175;;;;;;;;;;
36;28;12;December;3;Weekdays;Wednesday;236,629;93;90 -99;0;1;0 - 24;18;19-Oct;179;150 - 180;45;40 - 59;53;Adults;1;1;0;0;1;77;175;;;;;;;;;;
